Kassenkredite, Wertpapierschulden und Kredite der Gemeinden;;;;;;;;;;;;;;;;;;;;;;;;;;
und Gemeindeverbände;;;;;;;;;;;;;;;;;;;;;;;;;;
- Gemeinden/GV - Stichtag;;;;;;;;;;;;;;;;;;;;;;;;;;
Schulden der Gemeinden/GV und FEU;;;;;;;;;;;;;;;;;;;;;;;;;;
Gemeinden und Gemeindeverbände;;Stichtag;Stichtag;;;;;;;;;;;;;;;;;;;;;;;
;;30.06.2014;31.12.2014;;;;;;;;;;;;;;;;;;;;;;;
;;Bevölkerungsstand;Insgesamt;;;;;;Kernhaushalt;;;;;;Eigenbetriebe u. Krh o. e. Rechtspersönlichkeit 1);;;;;;s. Einr. der Gem./GV in öffentl.-rechtl. Form 2);;;;;
;;;brutto;brutto je Einwohner;darunter: beim Träger;darunter: beim Träger je Einwohner;netto (ohne Schulden beim Träger);netto (ohne Schulden beim Träger) je Einwohner;insgesamt;insgesamt je Einwohner;Kassenkredite;Kassenkredite je Einwohner;Investitionskredite (inkl. Wertpapierschulden);Investitionskredite (inkl. Wertpapiersch.)je Einw.;insgesamt;insgesamt je Einwohner;darunter: beim Träger;darunter: beim Träger je Einwohner;darunter: bei Gemeinden/GV, beim Träger;darunter: bei Gemeinden/GV, beim Träger je Einw.;insgesamt;insgesamt je Einwohner;darunter: beim Träger;darunter: beim Träger je Einwohner;darunter: bei Gemeinden/GV, beim Träger;darunter: bei Gemeinden/GV, beim Träger je Einw.
;;Anzahl;Tsd. EUR;EUR;Tsd. EUR;EUR;Tsd. EUR;EUR;Tsd. EUR;EUR;Tsd. EUR;EUR;Tsd. EUR;EUR;Tsd. EUR;EUR;Tsd. EUR;EUR;Tsd. EUR;EUR;Tsd. EUR;EUR;Tsd. EUR;EUR;Tsd. EUR;EUR
05;Nordrhein-Westfalen;17591450;63681989;3620,06;2037299;115,81;61644690;3504,25;49452378;2811,16;26398681;1500,65;23053692;1310,51;10322779;586,81;1481691;84,23;-;-;3906832;222,09;555608;31,58;-;-
051;  Düsseldorf, Regierungsbezirk;5094443;20647714;4053;400936;78,71;20246778;3974,29;17101315;3356,86;11390487;2235,87;5710829;1120,99;2612918;512,9;294639;57,84;-;-;933481;183,24;106297;20,87;-;-
05111;    Düsseldorf, krfr. Stadt;601074;530865;883,19;-;-;530865;883,19;323364;537,97;288000;479,14;35364;58,83;207501;345,22;-;-;-;-;-;-;-;-;-;-
05112;    Duisburg, krfr. Stadt;485580;3248726;6690,4;55724;114,76;3193002;6575,64;2192855;4515,95;1777900;3661,39;414955;854,56;634547;1306,78;-;-;-;-;421324;867,67;55724;114,76;-;-
05113;    Essen, krfr. Stadt;570827;3317336;5811,46;-;-;3317336;5811,46;3279452;5745,09;2061251;3610,99;1218201;2134,1;37884;66,37;-;-;-;-;-;-;-;-;-;-
05114;    Krefeld, krfr. Stadt;222424;867778;3901,45;-;-;867778;3901,45;616845;2773,28;426550;1917,73;190295;855,55;250933;1128,17;-;-;-;-;-;-;-;-;-;-
05116;    Mönchengladbach, krfr. Stadt;255975;1340751;5237,82;-;-;1340751;5237,82;1340751;5237,82;1010000;3945,7;330751;1292,12;-;-;-;-;-;-;-;-;-;-;-;-
05117;    Mülheim an der Ruhr, krfr. Stadt;166769;1347195;8078,2;-;-;1347195;8078,2;1236835;7416,45;846271;5074,51;390563;2341,94;110360;661,75;-;-;-;-;-;-;-;-;-;-
05119;    Oberhausen, krfr. Stadt;209210;1863670;8908,14;-;-;1863670;8908,14;1842383;8806,39;1566300;7486,74;276083;1319,65;21287;101,75;-;-;-;-;-;-;-;-;-;-
05120;    Remscheid, krfr. Stadt;109024;814406;7469,97;-;-;814406;7469,97;684750;6280,73;525000;4815,45;159750;1465,27;129656;1189,24;-;-;-;-;-;-;-;-;-;-
05122;    Solingen, krfr. Stadt;156369;944865;6042,54;6315;40,39;938550;6002,15;690988;4418,96;505436;3232,33;185552;1186,63;253877;1623,58;6315;40,39;-;-;-;-;-;-;-;-
05124;    Wuppertal, krfr. Stadt;343494;2076939;6046,51;50;0,15;2076889;6046,36;1877991;5467,32;1403700;4086,53;474291;1380,78;198948;579,19;50;0,15;-;-;-;-;-;-;-;-
05154;    Kleve, Kreis;303410;389456;1283,6;54420;179,36;335036;1104,24;171937;566,68;37090;122,24;134847;444,44;170252;561,13;41174;135,7;-;-;47267;155,79;13246;43,66;-;-
05154001;      Kleve, Kreisverwaltung;303410;47960;158,07;4000;13,18;43960;144,89;43960;144,89;-;-;43960;144,89;4000;13,18;4000;13,18;-;-;-;-;-;-;-;-
05154004;      Bedburg-Hau;12697;6962;548,32;-;-;6962;548,32;6962;548,32;-;-;6962;548,32;-;-;-;-;-;-;-;-;-;-;-;-
05154008;      Emmerich am Rhein, Stadt;30118;55029;1827,11;26463;878,64;28566;948,47;21092;700,31;7900;262,3;13192;438,01;33937;1126,8;26463;878,64;-;-;-;-;-;-;-;-
05154012;      Geldern, Stadt;33131;18625;562,16;8500;256,56;10125;305,6;5625;169,78;-;-;5625;169,78;13000;392,38;8500;256,56;-;-;-;-;-;-;-;-
05154016;      Goch, Stadt;33371;115950;3474,57;-;-;115950;3474,57;25215;755,59;21500;644,27;3715;111,32;56714;1699,5;-;-;-;-;34021;1019,48;-;-;-;-
05154020;      Issum;11890;-;-;-;-;-;-;-;-;-;-;-;-;-;-;-;-;-;-;-;-;-;-;-;-
05154024;      Kalkar, Stadt;13604;17199;1264,26;-;-;17199;1264,26;11721;861,58;3690;271,24;8031;590,34;5478;402,68;-;-;-;-;-;-;-;-;-;-
05154028;      Kerken;12400;6240;503,23;200;16,13;6040;487,1;-;-;-;-;-;-;6240;503,23;200;16,13;-;-;-;-;-;-;-;-
05154032;      Kevelaer, Stadt;27735;36913;1330,91;-;-;36913;1330,91;13108;472,61;4000;144,22;9108;328,39;23805;858,3;-;-;-;-;-;-;-;-;-;-
05154036;      Kleve, Stadt;48260;48606;1007,17;13246;274,47;35360;732,7;23092;478,49;-;-;23092;478,49;12268;254,21;-;-;-;-;13246;274,47;13246;274,47;-;-
05154040;      Kranenburg;10264;-;-;-;-;-;-;-;-;-;-;-;-;-;-;-;-;-;-;-;-;-;-;-;-
05154044;      Rees, Stadt;21207;12797;603,44;-;-;12797;603,44;8442;398,08;-;-;8442;398,08;4355;205,36;-;-;-;-;-;-;-;-;-;-
05154048;      Rheurdt;6690;475;71;-;-;475;71;475;71;-;-;475;71;-;-;-;-;-;-;-;-;-;-;-;-
05154052;      Straelen, Stadt;15742;10257;651,57;2011;127,75;8246;523,82;-;-;-;-;-;-;10257;651,57;2011;127,75;-;-;-;-;-;-;-;-
05154056;      Uedem;8128;3790;466,29;-;-;3790;466,29;3790;466,29;-;-;3790;466,29;-;-;-;-;-;-;-;-;-;-;-;-
05154060;      Wachtendonk;7946;198;24,92;-;-;198;24,92;-;-;-;-;-;-;198;24,92;-;-;-;-;-;-;-;-;-;-
05154064;      Weeze;10227;8455;826,73;-;-;8455;826,73;8455;826,73;-;-;8455;826,73;-;-;-;-;-;-;-;-;-;-;-;-
05158;    Mettmann, Kreis;477123;943940;1978,4;11294;23,67;932646;1954,73;714154;1496,79;311233;652,31;402921;844,48;37560;78,72;-;-;-;-;192226;402,89;11294;23,67;-;-
05158001;      Mettmann, Kreisverwaltung;477123;-;-;-;-;-;-;-;-;-;-;-;-;-;-;-;-;-;-;-;-;-;-;-;-
05158004;      Erkrath, Stadt;43652;66355;1520,09;-;-;66355;1520,09;60485;1385,62;31000;710,16;29485;675,46;5870;134,47;-;-;-;-;-;-;-;-;-;-
05158008;      Haan, Stadt;30069;17676;587,85;-;-;17676;587,85;17676;587,85;-;-;17676;587,85;-;-;-;-;-;-;-;-;-;-;-;-
05158012;      Heiligenhaus, Stadt;25466;120231;4721,24;-;-;120231;4721,24;105238;4132,49;64769;2543,35;40469;1589,14;14993;588,75;-;-;-;-;-;-;-;-;-;-
05158016;      Hilden, Stadt;54824;22442;409,34;-;-;22442;409,34;22442;409,34;7000;127,68;15442;281,66;-;-;-;-;-;-;-;-;-;-;-;-
05158020;      Langenfeld (Rhld.), Stadt;56986;-;-;-;-;-;-;-;-;-;-;-;-;-;-;-;-;-;-;-;-;-;-;-;-
05158024;      Mettmann, Stadt;37921;103902;2739,96;-;-;103902;2739,96;103902;2739,96;45575;1201,84;58327;1538,12;-;-;-;-;-;-;-;-;-;-;-;-
05158026;      Monheim am Rhein, Stadt;40136;13889;346,05;-;-;13889;346,05;13889;346,05;13889;346,05;-;-;-;-;-;-;-;-;-;-;-;-;-;-
05158028;      Ratingen, Stadt;86446;72870;842,95;-;-;72870;842,95;72870;842,95;-;-;72870;842,95;-;-;-;-;-;-;-;-;-;-;-;-
05158032;      Velbert, Stadt;80632;458959;5692,02;11294;140,07;447665;5551,95;250036;3100,95;105000;1302,21;145036;1798,74;16697;207,08;-;-;-;-;192226;2383,99;11294;140,07;-;-
05158036;      Wülfrath, Stadt;20991;67616;3221,19;-;-;67616;3221,19;67616;3221,19;44000;2096,14;23616;1125,05;-;-;-;-;-;-;-;-;-;-;-;-
05162;    Rhein-Kreis Neuss;440974;1216943;2759,67;182691;414,29;1034252;2345,38;623643;1414,24;180645;409,65;442999;1004,59;353708;802,11;156855;355,7;-;-;239592;543,32;25836;58,59;-;-
05162001;      Rhein-Kreis Neuss, Kreisverwaltung;440974;89267;202,43;-;-;89267;202,43;51335;116,41;-;-;51335;116,41;37932;86,02;-;-;-;-;-;-;-;-;-;-
05162004;      Dormagen, Stadt;62614;110544;1765,49;22539;359,97;88005;1405,52;22117;353,23;22117;353,23;-;-;49721;794,09;15031;240,06;-;-;38706;618,17;7508;119,91;-;-
05162008;      Grevenbroich, Stadt;61759;95836;1551,79;-;-;95836;1551,79;66464;1076,2;39478;639,23;26987;436,97;29372;475,59;-;-;-;-;-;-;-;-;-;-
05162012;      Jüchen;22667;59123;2608,33;-;-;59123;2608,33;53992;2381,97;21078;929,9;32914;1452,07;5131;226,36;-;-;-;-;-;-;-;-;-;-
05162016;      Kaarst, Stadt;42286;6013;142,2;-;-;6013;142,2;6013;142,2;-;-;6013;142,2;-;-;-;-;-;-;-;-;-;-;-;-
05162020;      Korschenbroich, Stadt;32296;103633;3208,85;864;26,75;102769;3182,1;83523;2586,17;46792;1448,85;36731;1137,32;20110;622,68;864;26,75;-;-;-;-;-;-;-;-
05162022;      Meerbusch, Stadt;54477;113504;2083,52;-;-;113504;2083,52;113504;2083,52;9327;171,21;104177;1912,31;-;-;-;-;-;-;-;-;-;-;-;-
05162024;      Neuss, Stadt;152256;630256;4139,45;159288;1046,19;470968;3093,26;221652;1455,78;36810;241,76;184842;1214,02;207718;1364,27;140960;925,81;-;-;200886;1319,4;18328;120,38;-;-
05162028;      Rommerskirchen;12619;8767;694,75;-;-;8767;694,75;5043;399,64;5043;399,64;-;-;3724;295,11;-;-;-;-;-;-;-;-;-;-
05166;    Viersen, Kreis;295131;519716;1760,97;26355;89,3;493361;1671,67;388633;1316,82;61832;209,51;326802;1107,31;126003;426,94;26158;88,63;-;-;5080;17,21;197;0,67;-;-
05166001;      Viersen, Kreisverwaltung;295131;24791;84;-;-;24791;84;24791;84;-;-;24791;84;-;-;-;-;-;-;-;-;-;-;-;-
05166004;      Brüggen;15480;10287;664,53;-;-;10287;664,53;9480;612,4;-;-;9480;612,4;807;52,13;-;-;-;-;-;-;-;-;-;-
05166008;      Grefrath;14727;25568;1736,13;-;-;25568;1736,13;25568;1736,13;7493;508,79;18075;1227,34;-;-;-;-;-;-;-;-;-;-;-;-
05166012;      Kempen, Stadt;34693;42750;1232,24;-;-;42750;1232,24;42750;1232,24;-;-;42750;1232,24;-;-;-;-;-;-;-;-;-;-;-;-
05166016;      Nettetal, Stadt;41520;134552;3240,66;24000;578,03;110552;2662,63;45534;1096,68;-;-;45534;1096,68;89018;2143,98;24000;578,03;-;-;-;-;-;-;-;-
05166020;      Niederkrüchten;15041;1695;112,69;-;-;1695;112,69;1695;112,69;-;-;1695;112,69;-;-;-;-;-;-;-;-;-;-;-;-
05166024;      Schwalmtal;18877;22845;1210,25;197;10,44;22648;1199,81;17765;941,14;8762;464,16;9004;476,98;-;-;-;-;-;-;5080;269,11;197;10,44;-;-
05166028;      Tönisvorst, Stadt;29167;24750;848,56;115;3,94;24635;844,62;15430;529,02;12273;420,78;3157;108,24;9320;319,54;115;3,94;-;-;-;-;-;-;-;-
05166032;      Viersen, Stadt;74955;148431;1980,27;-;-;148431;1980,27;148431;1980,27;8940;119,27;139491;1861;-;-;-;-;-;-;-;-;-;-;-;-
05166036;      Willich, Stadt;50671;84047;1658,69;2043;40,32;82004;1618,37;57189;1128,64;24364;480,83;32825;647,81;26858;530,05;2043;40,32;-;-;-;-;-;-;-;-
05170;    Wesel, Kreis;457059;1225128;2680,45;64087;140,22;1161041;2540,23;1116734;2443,3;389279;851,7;727455;1591,6;80402;175,91;64087;140,22;-;-;27992;61,24;-;-;-;-
05170001;      Wesel, Kreisverwaltung;457059;34255;74,95;-;-;34255;74,95;34255;74,95;-;-;34255;74,95;-;-;-;-;-;-;-;-;-;-;-;-
05170004;      Alpen;12604;4646;368,61;-;-;4646;368,61;4646;368,61;-;-;4646;368,61;-;-;-;-;-;-;-;-;-;-;-;-
05170008;      Dinslaken, Stadt;67071;70397;1049,59;-;-;70397;1049,59;70397;1049,59;26090;388,99;44307;660,6;-;-;-;-;-;-;-;-;-;-;-;-
05170012;      Hamminkeln, Stadt;26527;31297;1179,82;-;-;31297;1179,82;31297;1179,82;-;-;31297;1179,82;-;-;-;-;-;-;-;-;-;-;-;-
05170016;      Hünxe;13547;50718;3743,85;40167;2965,01;10551;778,84;10213;753,89;-;-;10213;753,89;40505;2989,96;40167;2965,01;-;-;-;-;-;-;-;-
05170020;      Kamp-Lintfort, Stadt;36949;63828;1727,45;-;-;63828;1727,45;56878;1539,36;28500;771,33;28378;768,03;6777;183,41;-;-;-;-;173;4,68;-;-;-;-
05170024;      Moers, Stadt;102935;606952;5896,46;-;-;606952;5896,46;585402;5687,11;248000;2409,29;337402;3277,82;2514;24,42;-;-;-;-;19036;184,93;-;-;-;-
05170028;      Neukirchen-Vluyn, Stadt;26915;38200;1419,29;-;-;38200;1419,29;38027;1412,86;12500;464,43;25527;948,43;-;-;-;-;-;-;173;6,43;-;-;-;-
05170032;      Rheinberg, Stadt;30709;31694;1032,07;100;3,26;31594;1028,81;30195;983,26;6500;211,66;23695;771,6;1326;43,18;100;3,26;-;-;173;5,63;-;-;-;-
05170036;      Schermbeck;13486;13205;979,16;-;-;13205;979,16;13205;979,16;-;-;13205;979,16;-;-;-;-;-;-;-;-;-;-;-;-
05170040;      Sonsbeck;8635;-;-;-;-;-;-;-;-;-;-;-;-;-;-;-;-;-;-;-;-;-;-;-;-
05170044;      Voerde (Niederrhein), Stadt;36368;105254;2894,14;23820;654,97;81434;2239,17;81434;2239,17;52000;1429,83;29434;809,34;23820;654,97;23820;654,97;-;-;-;-;-;-;-;-
05170048;      Wesel, Stadt;60066;144290;2402,19;-;-;144290;2402,19;138830;2311,29;10000;166,48;128830;2144,81;5460;90,9;-;-;-;-;-;-;-;-;-;-
05170052;      Xanten, Stadt;21247;30392;1430,42;-;-;30392;1430,42;21955;1033,33;5689;267,76;16266;765,57;-;-;-;-;-;-;8437;397,09;-;-;-;-
052;  Rheinland, Landschaftsverband;9436955;492358;52,17;33986;3,6;458372;48,57;451407;47,83;-;-;451407;47,83;40951;4,34;33986;3,6;-;-;-;-;-;-;-;-
053;  Köln, Regierungsbezirk;4342512;15836281;3646,8;388344;89,43;15447937;3557,37;11355234;2614,9;4228686;973,79;7126543;1641,11;2788666;642,18;297225;68,45;-;-;1692381;389,72;91119;20,98;-;-
05313;    Aachen, krfr. Stadt;-;-;-;-;-;-;-;-;-;-;-;-;-;-;-;-;-;-;-;-;-;-;-;-;-
05314;    Bonn, krfr. Stadt;312207;1676879;5371,04;6152;19,7;1670727;5351,34;1494259;4786,11;764000;2447,09;730259;2339,02;176468;565,23;-;-;-;-;6152;19,7;6152;19,7;-;-
05315;    Köln, krfr. Stadt;1039488;4692162;4513,91;3890;3,74;4688272;4510,17;2730054;2626,34;483000;464,65;2247054;2161,69;1103779;1061,85;3890;3,74;-;-;858329;825,72;-;-;-;-
05316;    Leverkusen, krfr. Stadt;161065;613856;3811,24;78567;487,8;535289;3323,44;422173;2621,14;239909;1489,52;182264;1131,62;17351;107,73;-;-;-;-;174332;1082,37;78567;487,8;-;-
05334;    Städteregion Aachen (einschl. Stadt Aachen);544301;1988308;3652,96;278298;511,29;1710010;3141,67;1666481;3061,69;837624;1538,9;828856;1522,79;317197;582,76;278298;511,29;-;-;4630;8,51;-;-;-;-
05334001;      Städteregion Aachen, Kreisverwaltung;544301;105208;193,29;-;-;105208;193,29;99380;182,58;52639;96,71;46741;85,87;5828;10,71;-;-;-;-;-;-;-;-;-;-
05334002;      Aachen, krfr. Stadt (ab 21.10.2009);240484;1067519;4439,04;278298;1157,24;789221;3281,8;780965;3247,47;312852;1300,93;468112;1946,54;286554;1191,57;278298;1157,24;-;-;-;-;-;-;-;-
05334004;      Alsdorf, Stadt (ab 21.10.2009);46297;149234;3223,41;-;-;149234;3223,41;130008;2808,13;111434;2406,94;18574;401,19;19226;415,28;-;-;-;-;-;-;-;-;-;-
05334008;      Baesweiler, Stadt (ab 21.10.2009);26561;18452;694,7;-;-;18452;694,7;18452;694,7;5962;224,46;12490;470,24;-;-;-;-;-;-;-;-;-;-;-;-
05334012;      Eschweiler, Stadt (ab 21.10.2009);55083;167935;3048,76;-;-;167935;3048,76;163305;2964,71;85964;1560,63;77341;1404,08;-;-;-;-;-;-;4630;84,05;-;-;-;-
05334016;      Herzogenrath, Stadt (ab 21.10.2009);46423;61383;1322,26;-;-;61383;1322,26;61383;1322,26;37953;817,55;23430;504,71;-;-;-;-;-;-;-;-;-;-;-;-
05334020;      Monschau, Stadt (ab 21.10.2009);11855;55560;4686,63;-;-;55560;4686,63;55560;4686,63;40294;3398,9;15266;1287,73;-;-;-;-;-;-;-;-;-;-;-;-
05334024;      Roetgen (ab 21.10.2009);8253;9696;1174,84;-;-;9696;1174,84;9696;1174,84;3034;367,62;6662;807,22;-;-;-;-;-;-;-;-;-;-;-;-
05334028;      Simmerath (ab 21.10.2009);15018;43820;2917,83;-;-;43820;2917,83;43820;2917,83;17742;1181,38;26078;1736,45;-;-;-;-;-;-;-;-;-;-;-;-
05334032;      Stolberg (Rhld.), Stadt (ab 21.10.2009);56285;186480;3313,14;-;-;186480;3313,14;186480;3313,14;110600;1965;75880;1348,14;-;-;-;-;-;-;-;-;-;-;-;-
05334036;      Würselen, Stadt (ab 21.10.2009);38042;123021;3233,82;-;-;123021;3233,82;117432;3086,9;59150;1554,86;58282;1532,04;5589;146,92;-;-;-;-;-;-;-;-;-;-
05354;    Aachen, Kreis;-;-;-;-;-;-;-;-;-;-;-;-;-;-;-;-;-;-;-;-;-;-;-;-;-
05354001;      Aachen, Kreisverwaltung;-;-;-;-;-;-;-;-;-;-;-;-;-;-;-;-;-;-;-;-;-;-;-;-;-
05354004;      Alsdorf, Stadt;-;-;-;-;-;-;-;-;-;-;-;-;-;-;-;-;-;-;-;-;-;-;-;-;-
05354008;      Baesweiler, Stadt;-;-;-;-;-;-;-;-;-;-;-;-;-;-;-;-;-;-;-;-;-;-;-;-;-
05354012;      Eschweiler, Stadt;-;-;-;-;-;-;-;-;-;-;-;-;-;-;-;-;-;-;-;-;-;-;-;-;-
05354016;      Herzogenrath, Stadt;-;-;-;-;-;-;-;-;-;-;-;-;-;-;-;-;-;-;-;-;-;-;-;-;-
05354020;      Monschau, Stadt;-;-;-;-;-;-;-;-;-;-;-;-;-;-;-;-;-;-;-;-;-;-;-;-;-
05354024;      Roetgen;-;-;-;-;-;-;-;-;-;-;-;-;-;-;-;-;-;-;-;-;-;-;-;-;-
05354028;      Simmerath;-;-;-;-;-;-;-;-;-;-;-;-;-;-;-;-;-;-;-;-;-;-;-;-;-
05354032;      Stolberg (Rhld.), Stadt;-;-;-;-;-;-;-;-;-;-;-;-;-;-;-;-;-;-;-;-;-;-;-;-;-
05354036;      Würselen, Stadt;-;-;-;-;-;-;-;-;-;-;-;-;-;-;-;-;-;-;-;-;-;-;-;-;-
05358;    Düren, Kreis;258312;729387;2823,66;-;-;729387;2823,66;667145;2582,7;414302;1603,88;252842;978,82;62242;240,96;-;-;-;-;-;-;-;-;-;-
05358001;      Düren, Kreisverwaltung;258312;80174;310,37;-;-;80174;310,37;80174;310,37;22735;88,01;57438;222,36;-;-;-;-;-;-;-;-;-;-;-;-
05358004;      Aldenhoven;13611;30124;2213,21;-;-;30124;2213,21;30124;2213,21;19017;1397,18;11107;816,03;-;-;-;-;-;-;-;-;-;-;-;-
05358008;      Düren, Stadt;88935;235466;2647,62;-;-;235466;2647,62;177974;2001,17;131000;1472,99;46974;528,18;57492;646,45;-;-;-;-;-;-;-;-;-;-
05358012;      Heimbach, Stadt;4322;21797;5043,27;-;-;21797;5043,27;18482;4276,26;17700;4095,33;782;180,93;3315;767,01;-;-;-;-;-;-;-;-;-;-
05358016;      Hürtgenwald;8557;22066;2578,71;-;-;22066;2578,71;22066;2578,71;18600;2173,66;3466;405,05;-;-;-;-;-;-;-;-;-;-;-;-
05358020;      Inden;7087;13675;1929,59;-;-;13675;1929,59;13675;1929,59;10000;1411,03;3675;518,56;-;-;-;-;-;-;-;-;-;-;-;-
05358024;      Jülich, Stadt;32099;155783;4853,2;-;-;155783;4853,2;155783;4853,2;81900;2551,48;73883;2301,72;-;-;-;-;-;-;-;-;-;-;-;-
05358028;      Kreuzau;17154;34221;1994,93;-;-;34221;1994,93;34221;1994,93;25450;1483,62;8771;511,31;-;-;-;-;-;-;-;-;-;-;-;-
05358032;      Langerwehe;13467;29264;2173,01;-;-;29264;2173,01;29264;2173,01;22150;1644,76;7114;528,25;-;-;-;-;-;-;-;-;-;-;-;-
05358036;      Linnich, Stadt;12309;42636;3463,81;-;-;42636;3463,81;42636;3463,81;28500;2315,38;14136;1148,43;-;-;-;-;-;-;-;-;-;-;-;-
05358040;      Merzenich;9886;4535;458,73;-;-;4535;458,73;4535;458,73;-;-;4535;458,73;-;-;-;-;-;-;-;-;-;-;-;-
05358044;      Nideggen, Stadt;9715;20397;2099,54;-;-;20397;2099,54;20397;2099,54;14750;1518,27;5647;581,27;-;-;-;-;-;-;-;-;-;-;-;-
05358048;      Niederzier;13679;-;-;-;-;-;-;-;-;-;-;-;-;-;-;-;-;-;-;-;-;-;-;-;-
05358052;      Nörvenich;10294;16617;1614,24;-;-;16617;1614,24;16617;1614,24;8900;864,58;7717;749,66;-;-;-;-;-;-;-;-;-;-;-;-
05358056;      Titz;8204;13921;1696,85;-;-;13921;1696,85;12486;1521,94;8100;987,32;4386;534,62;1435;174,91;-;-;-;-;-;-;-;-;-;-
05358060;      Vettweiß;8993;8711;968,65;-;-;8711;968,65;8711;968,65;5500;611,59;3211;357,06;-;-;-;-;-;-;-;-;-;-;-;-
05362;    Rhein-Erft-Kreis;457405;1018552;2226,8;-;-;1018552;2226,8;739711;1617,19;181835;397,54;557876;1219,65;122984;268,87;-;-;-;-;155857;340,74;-;-;-;-
05362001;      Rhein-Erft-Kreis, Kreisverwaltung;457405;-;-;-;-;-;-;-;-;-;-;-;-;-;-;-;-;-;-;-;-;-;-;-;-
05362004;      Bedburg, Stadt;22884;69423;3033,7;-;-;69423;3033,7;69423;3033,7;14050;613,97;55373;2419,73;-;-;-;-;-;-;-;-;-;-;-;-
05362008;      Bergheim, Stadt;59569;115623;1940,99;-;-;115623;1940,99;115623;1940,99;18000;302,17;97623;1638,82;-;-;-;-;-;-;-;-;-;-;-;-
05362012;      Brühl, Stadt;43938;90000;2048,34;-;-;90000;2048,34;90000;2048,34;6000;136,56;84000;1911,78;-;-;-;-;-;-;-;-;-;-;-;-
05362016;      Elsdorf, Stadt;20962;44812;2137,77;-;-;44812;2137,77;44812;2137,77;26889;1282,75;17923;855,02;-;-;-;-;-;-;-;-;-;-;-;-
05362020;      Erftstadt, Stadt;49091;145865;2971,31;-;-;145865;2971,31;44026;896,82;44026;896,82;-;-;101839;2074,49;-;-;-;-;-;-;-;-;-;-
05362024;      Frechen, Stadt;51042;48520;950,59;-;-;48520;950,59;41763;818,21;-;-;41763;818,21;6757;132,38;-;-;-;-;-;-;-;-;-;-
05362028;      Hürth, Stadt;57638;216445;3755,25;-;-;216445;3755,25;60588;1051,18;-;-;60588;1051,18;-;-;-;-;-;-;155857;2704,07;-;-;-;-
05362032;      Kerpen, Stadt;63931;176073;2754,11;-;-;176073;2754,11;176073;2754,11;72870;1139,82;103203;1614,29;-;-;-;-;-;-;-;-;-;-;-;-
05362036;      Pulheim, Stadt;53023;83525;1575,26;-;-;83525;1575,26;83525;1575,26;-;-;83525;1575,26;-;-;-;-;-;-;-;-;-;-;-;-
05362040;      Wesseling, Stadt;35327;28266;800,12;-;-;28266;800,12;13878;392,84;-;-;13878;392,84;14388;407,28;-;-;-;-;-;-;-;-;-;-
05366;    Euskirchen, Kreis;187542;546773;2915,46;413;2,2;546360;2913,26;383630;2045,56;134406;716,67;249222;1328,89;147397;785,94;413;2,2;-;-;15746;83,96;-;-;-;-
05366001;      Euskirchen, Kreisverwaltung;187542;6332;33,76;-;-;6332;33,76;1608;8,57;-;-;1608;8,57;-;-;-;-;-;-;4724;25,19;-;-;-;-
05366004;      Bad Münstereifel, Stadt;17155;64352;3751,21;-;-;64352;3751,21;37479;2184,73;22250;1297;15229;887,73;26873;1566,48;-;-;-;-;-;-;-;-;-;-
05366008;      Blankenheim;8362;32637;3903,01;413;49,39;32224;3853,62;23285;2784,62;17948;2146,38;5337;638,24;9352;1118,39;413;49,39;-;-;-;-;-;-;-;-
05366012;      Dahlem;4175;10847;2598,08;-;-;10847;2598,08;6948;1664,19;4000;958,08;2948;706,11;3899;933,89;-;-;-;-;-;-;-;-;-;-
05366016;      Euskirchen, Stadt;55702;146681;2633,31;-;-;146681;2633,31;94004;1687,62;12000;215,43;82004;1472,19;44804;804,35;-;-;-;-;7873;141,34;-;-;-;-
05366020;      Hellenthal;7955;21440;2695,03;-;-;21440;2695,03;21440;2695,03;15008;1886,61;6431;808,42;-;-;-;-;-;-;-;-;-;-;-;-
05366024;      Kall;11085;29538;2664,68;-;-;29538;2664,68;29538;2664,68;4000;360,85;25538;2303,83;-;-;-;-;-;-;-;-;-;-;-;-
05366028;      Mechernich, Stadt;26804;121837;4545,48;-;-;121837;4545,48;67549;2520,11;22276;831,07;45273;1689,04;54288;2025,37;-;-;-;-;-;-;-;-;-;-
05366032;      Nettersheim;7435;16655;2240,09;-;-;16655;2240,09;8474;1139,75;3000;403,5;5474;736,25;8181;1100,34;-;-;-;-;-;-;-;-;-;-
05366036;      Schleiden, Stadt;12874;37553;2916,96;-;-;37553;2916,96;37553;2916,96;14647;1137,72;22906;1779,24;-;-;-;-;-;-;-;-;-;-;-;-
05366040;      Weilerswist;16260;32596;2004,62;-;-;32596;2004,62;29447;1810,95;7277;447,54;22169;1363,41;-;-;-;-;-;-;3149;193,67;-;-;-;-
05366044;      Zülpich, Stadt;19735;26305;1332,91;-;-;26305;1332,91;26305;1332,91;12000;608,06;14305;724,85;-;-;-;-;-;-;-;-;-;-;-;-
05370;    Heinsberg, Kreis;248839;318281;1279,07;-;-;318281;1279,07;282971;1137,17;22500;90,42;260471;1046,75;31175;125,28;-;-;-;-;4135;16,62;-;-;-;-
05370001;      Heinsberg, Kreisverwaltung;248839;10478;42,11;-;-;10478;42,11;10478;42,11;-;-;10478;42,11;-;-;-;-;-;-;-;-;-;-;-;-
05370004;      Erkelenz, Stadt;42884;51419;1199,02;-;-;51419;1199,02;20244;472,06;-;-;20244;472,06;31175;726,96;-;-;-;-;-;-;-;-;-;-
05370008;      Gangelt;11667;-;-;-;-;-;-;-;-;-;-;-;-;-;-;-;-;-;-;-;-;-;-;-;-
05370012;      Geilenkirchen, Stadt;26601;24126;906,96;-;-;24126;906,96;24126;906,96;-;-;24126;906,96;-;-;-;-;-;-;-;-;-;-;-;-
05370016;      Heinsberg, Stadt;41110;39749;966,89;-;-;39749;966,89;39749;966,89;-;-;39749;966,89;-;-;-;-;-;-;-;-;-;-;-;-
05370020;      Hückelhoven, Stadt;38855;65414;1683,54;-;-;65414;1683,54;65414;1683,54;9000;231,63;56414;1451,91;-;-;-;-;-;-;-;-;-;-;-;-
05370024;      Selfkant;9952;754;75,76;-;-;754;75,76;754;75,76;-;-;754;75,76;-;-;-;-;-;-;-;-;-;-;-;-
05370028;      Übach-Palenberg, Stadt;24014;44659;1859,7;-;-;44659;1859,7;44659;1859,7;5500;229,03;39159;1630,67;-;-;-;-;-;-;-;-;-;-;-;-
05370032;      Waldfeucht;8735;11272;1290,44;-;-;11272;1290,44;11272;1290,44;-;-;11272;1290,44;-;-;-;-;-;-;-;-;-;-;-;-
05370036;      Wassenberg, Stadt;17299;10268;593,56;-;-;10268;593,56;6133;354,53;-;-;6133;354,53;-;-;-;-;-;-;4135;239,03;-;-;-;-
05370040;      Wegberg, Stadt;27722;60142;2169,47;-;-;60142;2169,47;60142;2169,47;8000;288,58;52142;1880,89;-;-;-;-;-;-;-;-;-;-;-;-
05374;    Oberbergischer Kreis;270566;1124364;4155,6;8075;29,84;1116289;4125,76;860341;3179,78;399956;1478,22;460384;1701,56;260341;962,21;8075;29,84;-;-;3682;13,61;-;-;-;-
05374001;      Oberbergischer Kreis, Kreisverwaltung;270566;86651;320,26;-;-;86651;320,26;86651;320,26;29345;108,46;57306;211,8;-;-;-;-;-;-;-;-;-;-;-;-
05374004;      Bergneustadt, Stadt;18855;66654;3535,08;-;-;66654;3535,08;62112;3294,19;27500;1458,5;34612;1835,69;4542;240,89;-;-;-;-;-;-;-;-;-;-
05374008;      Engelskirchen;19205;108278;5638,02;7060;367,61;101218;5270,41;70265;3658,69;38800;2020,31;31465;1638,38;35712;1859,52;7060;367,61;-;-;2301;119,81;-;-;-;-
05374012;      Gummersbach, Stadt;49706;236383;4755,6;-;-;236383;4755,6;163813;3295,62;72192;1452,38;91620;1843,24;72570;1459,98;-;-;-;-;-;-;-;-;-;-
05374016;      Hückeswagen, Stadt;15046;38223;2540,41;-;-;38223;2540,41;31593;2099,76;21040;1398,38;10553;701,38;6630;440,65;-;-;-;-;-;-;-;-;-;-
05374020;      Lindlar;21108;95957;4546,01;-;-;95957;4546,01;68826;3260,66;33700;1596,55;35126;1664,11;25750;1219,92;-;-;-;-;1381;65,43;-;-;-;-
05374024;      Marienheide;13472;60141;4464,15;-;-;60141;4464,15;60141;4464,15;25139;1866,02;35002;2598,13;-;-;-;-;-;-;-;-;-;-;-;-
05374028;      Morsbach;10261;18494;1802,36;960;93,56;17534;1708,8;2646;257,87;-;-;2646;257,87;15848;1544,49;960;93,56;-;-;-;-;-;-;-;-
05374032;      Nümbrecht;16748;81874;4888,58;-;-;81874;4888,58;81874;4888,58;27900;1665,87;53974;3222,71;-;-;-;-;-;-;-;-;-;-;-;-
05374036;      Radevormwald, Stadt;22027;53250;2417,48;-;-;53250;2417,48;53250;2417,48;21750;987,42;31500;1430,06;-;-;-;-;-;-;-;-;-;-;-;-
05374040;      Reichshof;18776;68566;3651,79;-;-;68566;3651,79;26099;1390,02;12050;641,78;14049;748,24;42467;2261,77;-;-;-;-;-;-;-;-;-;-
05374044;      Waldbröl, Stadt;18811;90912;4832,92;55;2,92;90857;4830;59568;3166,66;47950;2549,04;11618;617,62;31344;1666,26;55;2,92;-;-;-;-;-;-;-;-
05374048;      Wiehl, Stadt;25148;34311;1364,36;-;-;34311;1364,36;8833;351,24;-;-;8833;351,24;25478;1013,12;-;-;-;-;-;-;-;-;-;-
05374052;      Wipperfürth, Stadt;21403;84670;3955,99;-;-;84670;3955,99;84670;3955,99;42590;1989,91;42080;1966,08;-;-;-;-;-;-;-;-;-;-;-;-
05378;    Rheinisch-Bergischer Kreis;279015;823673;2952,07;7448;26,7;816225;2925,37;479073;1717,01;233690;837,55;245383;879,46;279634;1002,22;1048;3,76;-;-;64966;232,84;6400;22,94;-;-
05378001;      Rheinisch-Bergischer Kreis, Kreisverwaltung;279015;-;-;-;-;-;-;-;-;-;-;-;-;-;-;-;-;-;-;-;-;-;-;-;-
05378004;      Bergisch Gladbach, Stadt;109678;367439;3350,16;1048;9,56;366391;3340,6;216028;1969,66;97750;891,25;118278;1078,41;151411;1380,5;1048;9,56;-;-;-;-;-;-;-;-
05378008;      Burscheid, Stadt;18142;69159;3812,09;6400;352,77;62759;3459,32;40259;2219,1;23255;1281,83;17004;937,27;-;-;-;-;-;-;28900;1592,99;6400;352,77;-;-
05378012;      Kürten;19452;38347;1971,37;-;-;38347;1971,37;20013;1028,84;11110;571,15;8903;457,69;18334;942,53;-;-;-;-;-;-;-;-;-;-
05378016;      Leichlingen (Rhld.), Stadt;27740;55869;2014,02;-;-;55869;2014,02;20220;728,91;7300;263,16;12920;465,75;35649;1285,11;-;-;-;-;-;-;-;-;-;-
05378020;      Odenthal;14730;14366;975,29;-;-;14366;975,29;12306;835,44;-;-;12306;835,44;2060;139,85;-;-;-;-;-;-;-;-;-;-
05378024;      Overath, Stadt;26874;117891;4386,81;-;-;117891;4386,81;65552;2439,24;41125;1530,29;24427;908,95;52339;1947,57;-;-;-;-;-;-;-;-;-;-
05378028;      Rösrath, Stadt;27880;89987;3227,66;-;-;89987;3227,66;53921;1934,04;37650;1350,43;16271;583,61;-;-;-;-;-;-;36066;1293,62;-;-;-;-
05378032;      Wermelskirchen, Stadt;34519;70615;2045,68;-;-;70615;2045,68;50774;1470,9;15500;449,03;35274;1021,87;19841;574,78;-;-;-;-;-;-;-;-;-;-
05382;    Rhein-Sieg-Kreis;583772;2304046;3946,83;5501;9,42;2298545;3937,41;1629396;2791,15;517464;886,41;1111932;1904,74;270098;462,68;5501;9,42;-;-;404552;693;-;-;-;-
05382001;      Rhein-Sieg-Kreis, Kreisverwaltung;583772;220698;378,06;-;-;220698;378,06;220698;378,06;18925;32,42;201773;345,64;-;-;-;-;-;-;-;-;-;-;-;-
05382004;      Alfter;23027;37972;1649,01;5113;222,04;32859;1426,97;18057;784,16;7325;318,1;10732;466,06;19915;864,85;5113;222,04;-;-;-;-;-;-;-;-
05382008;      Bad Honnef, Stadt;24939;78951;3165,76;-;-;78951;3165,76;41346;1657,88;17000;681,66;24346;976,22;37605;1507,88;-;-;-;-;-;-;-;-;-;-
05382012;      Bornheim, Stadt;46518;178537;3838,02;-;-;178537;3838,02;175475;3772,2;52395;1126,34;123080;2645,86;-;-;-;-;-;-;3062;65,82;-;-;-;-
05382016;      Eitorf;18536;44018;2374,78;-;-;44018;2374,78;19409;1047,15;7798;420,69;11612;626,46;24609;1327,63;-;-;-;-;-;-;-;-;-;-
05382020;      Hennef (Sieg), Stadt;45985;235235;5115,47;-;-;235235;5115,47;135402;2944,48;50000;1087,31;85402;1857,17;-;-;-;-;-;-;99833;2170,99;-;-;-;-
05382024;      Königswinter, Stadt;40084;115513;2881,78;-;-;115513;2881,78;61522;1534,83;23920;596,75;37602;938,08;53991;1346,95;-;-;-;-;-;-;-;-;-;-
05382028;      Lohmar, Stadt;29772;72802;2445,32;-;-;72802;2445,32;72802;2445,32;17700;594,52;55102;1850,8;-;-;-;-;-;-;-;-;-;-;-;-
05382032;      Meckenheim, Stadt;23804;43401;1823,27;-;-;43401;1823,27;37351;1569,11;8000;336,08;29351;1233,03;6050;254,16;-;-;-;-;-;-;-;-;-;-
05382036;      Much;14218;34708;2441,13;350;24,62;34358;2416,51;21236;1493,6;10290;723,73;10946;769,87;11692;822,34;350;24,62;-;-;1780;125,19;-;-;-;-
05382040;      Neunkirchen-Seelscheid;19453;86825;4463,33;-;-;86825;4463,33;46571;2394,03;28313;1455,46;18258;938,57;-;-;-;-;-;-;40254;2069,3;-;-;-;-
05382044;      Niederkassel, Stadt;36975;83715;2264,1;38;1,03;83677;2263,07;36612;990,19;800;21,64;35812;968,55;47103;1273,91;38;1,03;-;-;-;-;-;-;-;-
05382048;      Rheinbach, Stadt;26868;111725;4158,29;-;-;111725;4158,29;108139;4024,82;54020;2010,57;54119;2014,25;3586;133,47;-;-;-;-;-;-;-;-;-;-
05382052;      Ruppichteroth;10294;30183;2932,1;-;-;30183;2932,1;25018;2430,35;16390;1592,19;8628;838,16;5165;501,75;-;-;-;-;-;-;-;-;-;-
05382056;      Sankt Augustin, Stadt;54330;146113;2689,36;-;-;146113;2689,36;146113;2689,36;38100;701,27;108013;1988,09;-;-;-;-;-;-;-;-;-;-;-;-
05382060;      Siegburg, Stadt;39654;379364;9566,86;-;-;379364;9566,86;270329;6817,2;93050;2346,55;177279;4470,65;-;-;-;-;-;-;109035;2749,66;-;-;-;-
05382064;      Swisttal;17548;12726;725,21;-;-;12726;725,21;12726;725,21;3500;199,45;9226;525,76;-;-;-;-;-;-;-;-;-;-;-;-
05382068;      Troisdorf, Stadt;73244;228881;3124,91;-;-;228881;3124,91;109368;1493,2;22800;311,29;86568;1181,91;-;-;-;-;-;-;119513;1631,71;-;-;-;-
05382072;      Wachtberg;19902;50267;2525,67;-;-;50267;2525,67;19192;964,27;10373;521,2;8818;443,07;-;-;-;-;-;-;31075;1561,4;-;-;-;-
05382076;      Windeck;18621;112412;6036,83;-;-;112412;6036,83;52030;2794,15;36765;1974,38;15265;819,77;60382;3242,68;-;-;-;-;-;-;-;-;-;-
055;  Münster, Regierungsbezirk;2576123;7230090;2806,58;213417;82,85;7016673;2723,73;6149248;2387,02;2986673;1159,37;3162574;1227,65;842633;327,09;143099;55,55;-;-;238209;92,47;70318;27,3;-;-
05512;    Bottrop, krfr. Stadt;115780;382205;3301,13;-;-;382205;3301,13;322239;2783,2;210651;1819,41;111588;963,79;50724;438,11;-;-;-;-;9242;79,82;-;-;-;-
05513;    Gelsenkirchen, krfr. Stadt;258290;1383010;5354,49;-;-;1383010;5354,49;1216028;4708;793094;3070,56;422934;1637,44;166982;646,49;-;-;-;-;-;-;-;-;-;-
05515;    Münster, krfr. Stadt;300149;736220;2452,85;-;-;736220;2452,85;736220;2452,85;12475;41,56;723745;2411,29;-;-;-;-;-;-;-;-;-;-;-;-
05554;    Borken, Kreis;364513;514739;1412,12;122677;336,55;392062;1075,57;307750;844,27;26738;73,35;281012;770,92;203489;558,25;122677;336,55;-;-;3500;9,6;-;-;-;-
05554001;      Borken, Kreisverwaltung;364513;11515;31,59;-;-;11515;31,59;11515;31,59;-;-;11515;31,59;-;-;-;-;-;-;-;-;-;-;-;-
05554004;      Ahaus, Stadt;38849;32122;826,84;-;-;32122;826,84;32122;826,84;-;-;32122;826,84;-;-;-;-;-;-;-;-;-;-;-;-
05554008;      Bocholt, Stadt;70823;225023;3177,26;120000;1694,36;105023;1482,9;79075;1116,52;-;-;79075;1116,52;145948;2060,74;120000;1694,36;-;-;-;-;-;-;-;-
05554012;      Borken, Stadt;41467;-;-;-;-;-;-;-;-;-;-;-;-;-;-;-;-;-;-;-;-;-;-;-;-
05554016;      Gescher, Stadt;16851;36033;2138,33;-;-;36033;2138,33;22505;1335,53;8500;504,42;14005;831,11;13528;802,8;-;-;-;-;-;-;-;-;-;-
05554020;      Gronau (Westf.), Stadt;46128;99018;2146,59;-;-;99018;2146,59;84032;1821,71;14810;321,06;69222;1500,65;14986;324,88;-;-;-;-;-;-;-;-;-;-
05554024;      Heek;8449;7518;889,81;492;58,23;7026;831,58;4765;563,97;-;-;4765;563,97;2753;325,84;492;58,23;-;-;-;-;-;-;-;-
05554028;      Heiden;8039;3677;457,4;-;-;3677;457,4;3677;457,4;-;-;3677;457,4;-;-;-;-;-;-;-;-;-;-;-;-
05554032;      Isselburg, Stadt;10718;12979;1210,95;-;-;12979;1210,95;12979;1210,95;-;-;12979;1210,95;-;-;-;-;-;-;-;-;-;-;-;-
05554036;      Legden;6971;9587;1375,27;-;-;9587;1375,27;4257;610,67;-;-;4257;610,67;5330;764,6;-;-;-;-;-;-;-;-;-;-
05554040;      Raesfeld;11114;-;-;-;-;-;-;-;-;-;-;-;-;-;-;-;-;-;-;-;-;-;-;-;-
05554044;      Reken;14377;-;-;-;-;-;-;-;-;-;-;-;-;-;-;-;-;-;-;-;-;-;-;-;-
05554048;      Rhede, Stadt;19067;20625;1081,71;396;20,77;20229;1060,94;10105;529,97;1428;74,89;8677;455,08;7020;368,18;396;20,77;-;-;3500;183,56;-;-;-;-
05554052;      Schöppingen;7250;4126;569,11;-;-;4126;569,11;1364;188,14;-;-;1364;188,14;2762;380,97;-;-;-;-;-;-;-;-;-;-
05554056;      Stadtlohn, Stadt;20108;22673;1127,56;-;-;22673;1127,56;22673;1127,56;-;-;22673;1127,56;-;-;-;-;-;-;-;-;-;-;-;-
05554060;      Südlohn;8959;16446;1835,7;1789;199,69;14657;1636,01;12618;1408,42;2000;223,24;10618;1185,18;3828;427,28;1789;199,69;-;-;-;-;-;-;-;-
05554064;      Velen, Stadt;12950;-;-;-;-;-;-;-;-;-;-;-;-;-;-;-;-;-;-;-;-;-;-;-;-
05554068;      Vreden, Stadt;22393;13397;598,26;-;-;13397;598,26;6063;270,75;-;-;6063;270,75;7334;327,51;-;-;-;-;-;-;-;-;-;-
05558;    Coesfeld, Kreis;215671;203600;944,03;-;-;203600;944,03;142633;661,34;7653;35,48;134980;625,86;60967;282,69;-;-;-;-;-;-;-;-;-;-
05558001;      Coesfeld, Kreisverwaltung;215671;26283;121,87;-;-;26283;121,87;26283;121,87;-;-;26283;121,87;-;-;-;-;-;-;-;-;-;-;-;-
05558004;      Ascheberg;15037;3146;209,22;-;-;3146;209,22;3146;209,22;-;-;3146;209,22;-;-;-;-;-;-;-;-;-;-;-;-
05558008;      Billerbeck, Stadt;11445;11075;967,67;-;-;11075;967,67;4703;410,92;-;-;4703;410,92;6372;556,75;-;-;-;-;-;-;-;-;-;-
05558012;      Coesfeld, Stadt;35876;33076;921,95;-;-;33076;921,95;20506;571,58;-;-;20506;571,58;12570;350,37;-;-;-;-;-;-;-;-;-;-
05558016;      Dülmen, Stadt;45909;59277;1291,18;-;-;59277;1291,18;31046;676,25;-;-;31046;676,25;28231;614,93;-;-;-;-;-;-;-;-;-;-
05558020;      Havixbeck;11599;6955;599,62;-;-;6955;599,62;6955;599,62;1000;86,21;5955;513,41;-;-;-;-;-;-;-;-;-;-;-;-
05558024;      Lüdinghausen, Stadt;23820;13479;565,87;-;-;13479;565,87;6120;256,93;-;-;6120;256,93;7359;308,94;-;-;-;-;-;-;-;-;-;-
05558028;      Nordkirchen;9646;22154;2296,71;-;-;22154;2296,71;22154;2296,71;6653;689,72;15501;1606,99;-;-;-;-;-;-;-;-;-;-;-;-
05558032;      Nottuln;19336;19554;1011,28;-;-;19554;1011,28;13119;678,48;-;-;13119;678,48;6435;332,8;-;-;-;-;-;-;-;-;-;-
05558036;      Olfen, Stadt;12250;-;-;-;-;-;-;-;-;-;-;-;-;-;-;-;-;-;-;-;-;-;-;-;-
05558040;      Rosendahl;10619;8601;809,96;-;-;8601;809,96;8601;809,96;-;-;8601;809,96;-;-;-;-;-;-;-;-;-;-;-;-
05558044;      Senden;20134;-;-;-;-;-;-;-;-;-;-;-;-;-;-;-;-;-;-;-;-;-;-;-;-
05562;    Recklinghausen, Kreis;612781;2977875;4859,6;5393;8,8;2972482;4850,8;2771199;4522,33;1794092;2927,79;977106;1594,54;94333;153,94;5393;8,8;-;-;112343;183,33;-;-;-;-
05562001;      Recklinghausen, Kreisverwaltung;612781;116703;190,45;-;-;116703;190,45;116703;190,45;-;-;116703;190,45;-;-;-;-;-;-;-;-;-;-;-;-
05562004;      Castrop-Rauxel, Stadt;73663;331037;4493,94;-;-;331037;4493,94;246375;3344,62;195000;2647,19;51375;697,43;-;-;-;-;-;-;84662;1149,32;-;-;-;-
05562008;      Datteln, Stadt;34314;138949;4049,34;-;-;138949;4049,34;138949;4049,34;97469;2840,5;41480;1208,84;-;-;-;-;-;-;-;-;-;-;-;-
05562012;      Dorsten, Stadt;75395;343344;4553,93;270;3,58;343074;4550,35;343074;4550,35;211808;2809,31;131266;1741,04;270;3,58;270;3,58;-;-;-;-;-;-;-;-
05562014;      Gladbeck, Stadt;73906;297175;4020,98;-;-;297175;4020,98;294695;3987,42;195066;2639,38;99628;1348,04;2480;33,56;-;-;-;-;-;-;-;-;-;-
05562016;      Haltern am See, Stadt;37278;114163;3062,48;-;-;114163;3062,48;104557;2804,79;88792;2381,89;15765;422,9;9606;257,69;-;-;-;-;-;-;-;-;-;-
05562020;      Herten, Stadt;60624;423818;6990,93;1271;20,97;422547;6969,96;418246;6899,02;286704;4729,22;131542;2169,8;5572;91,91;1271;20,97;-;-;-;-;-;-;-;-
05562024;      Marl, Stadt;83469;341660;4093,26;-;-;341660;4093,26;283618;3397,89;197160;2362,07;86459;1035,82;58042;695,37;-;-;-;-;-;-;-;-;-;-
05562028;      Oer-Erkenschwick, Stadt;30710;139959;4557,44;-;-;139959;4557,44;139959;4557,44;99933;3254,09;40026;1303,35;-;-;-;-;-;-;-;-;-;-;-;-
05562032;      Recklinghausen, Stadt;114523;547079;4777,01;3852;33,64;543227;4743,37;528716;4616,67;307703;2686,82;221012;1929,85;18363;160,34;3852;33,64;-;-;-;-;-;-;-;-
05562036;      Waltrop, Stadt;28899;183988;6366,59;-;-;183988;6366,59;156307;5408,74;114457;3960,59;41850;1448,15;-;-;-;-;-;-;27681;957,85;-;-;-;-
05566;    Steinfurt, Kreis;435593;649602;1491,31;79751;183,09;569851;1308,22;433596;995,42;94256;216,39;339339;779,03;115560;265,29;14131;32,44;-;-;100446;230,6;65620;150,65;-;-
05566001;      Steinfurt, Kreisverwaltung;435593;33298;76,44;-;-;33298;76,44;33298;76,44;-;-;33298;76,44;-;-;-;-;-;-;-;-;-;-;-;-
05566004;      Altenberge;10080;8034;797,02;-;-;8034;797,02;8034;797,02;3000;297,62;5034;499,4;-;-;-;-;-;-;-;-;-;-;-;-
05566008;      Emsdetten, Stadt;35668;42419;1189,27;-;-;42419;1189,27;30668;859,82;-;-;30668;859,82;11751;329,45;-;-;-;-;-;-;-;-;-;-
05566012;      Greven, Stadt;35506;107857;3037,71;13729;386,67;94128;2651,04;83041;2338,79;34800;980,12;48241;1358,67;24816;698,92;13729;386,67;-;-;-;-;-;-;-;-
05566016;      Hörstel, Stadt;19596;8255;421,26;-;-;8255;421,26;8255;421,26;-;-;8255;421,26;-;-;-;-;-;-;-;-;-;-;-;-
05566020;      Hopsten;7555;3466;458,77;-;-;3466;458,77;3466;458,77;-;-;3466;458,77;-;-;-;-;-;-;-;-;-;-;-;-
05566024;      Horstmar, Stadt;6325;13384;2115,89;-;-;13384;2115,89;12286;1942,29;7352;1162,37;4933;779,92;1098;173,6;-;-;-;-;-;-;-;-;-;-
05566028;      Ibbenbüren, Stadt;50512;18237;361,05;163;3,23;18074;357,82;18074;357,82;-;-;18074;357,82;163;3,23;163;3,23;-;-;-;-;-;-;-;-
05566032;      Ladbergen;6455;5713;885,05;-;-;5713;885,05;5713;885,05;600;92,95;5113;792,1;-;-;-;-;-;-;-;-;-;-;-;-
05566036;      Laer;6594;19445;2948,89;239;36,25;19206;2912,64;10979;1665;8500;1289,05;2479;375,95;8466;1283,89;239;36,25;-;-;-;-;-;-;-;-
05566040;      Lengerich, Stadt;22066;39903;1808,35;-;-;39903;1808,35;19267;873,16;3004;136,14;16263;737,02;20636;935,19;-;-;-;-;-;-;-;-;-;-
05566044;      Lienen;8506;2905;341,52;-;-;2905;341,52;2905;341,52;1000;117,56;1905;223,96;-;-;-;-;-;-;-;-;-;-;-;-
05566048;      Lotte;13972;10098;722,73;-;-;10098;722,73;4146;296,74;-;-;4146;296,74;5952;425,99;-;-;-;-;-;-;-;-;-;-
05566052;      Metelen;6413;5410;843,6;-;-;5410;843,6;2119;330,42;-;-;2119;330,42;3291;513,18;-;-;-;-;-;-;-;-;-;-
05566056;      Mettingen;11671;5951;509,9;-;-;5951;509,9;5951;509,9;-;-;5951;509,9;-;-;-;-;-;-;-;-;-;-;-;-
05566060;      Neuenkirchen;13556;1420;104,75;-;-;1420;104,75;1420;104,75;-;-;1420;104,75;-;-;-;-;-;-;-;-;-;-;-;-
05566064;      Nordwalde;9300;25478;2739,57;-;-;25478;2739,57;14933;1605,7;6000;645,16;8933;960,54;10545;1133,87;-;-;-;-;-;-;-;-;-;-
05566068;      Ochtrup, Stadt;19144;29452;1538,44;-;-;29452;1538,44;5480;286,25;-;-;5480;286,25;23972;1252,19;-;-;-;-;-;-;-;-;-;-
05566072;      Recke;11202;15251;1361,45;-;-;15251;1361,45;15251;1361,45;-;-;15251;1361,45;-;-;-;-;-;-;-;-;-;-;-;-
05566076;      Rheine, Stadt;73637;152567;2071,88;65620;891,13;86947;1180,75;52121;707,81;-;-;52121;707,81;-;-;-;-;-;-;100446;1364,07;65620;891,13;-;-
05566080;      Saerbeck;7066;8745;1237,62;-;-;8745;1237,62;8745;1237,62;-;-;8745;1237,62;-;-;-;-;-;-;-;-;-;-;-;-
05566084;      Steinfurt, Stadt;33091;60538;1829,44;-;-;60538;1829,44;60538;1829,44;14000;423,08;46538;1406,36;-;-;-;-;-;-;-;-;-;-;-;-
05566088;      Tecklenburg, Stadt;8826;15422;1747,34;-;-;15422;1747,34;10552;1195,56;9500;1076,37;1052;119,19;4870;551,78;-;-;-;-;-;-;-;-;-;-
05566092;      Westerkappeln;10930;15680;1434,58;-;-;15680;1434,58;15680;1434,58;6500;594,69;9180;839,89;-;-;-;-;-;-;-;-;-;-;-;-
05566096;      Wettringen;7922;674;85,08;-;-;674;85,08;674;85,08;-;-;674;85,08;-;-;-;-;-;-;-;-;-;-;-;-
05570;    Warendorf, Kreis;273346;382839;1400,57;5596;20,48;377243;1380,09;219583;803,32;47714;174,56;171870;628,76;150578;550,87;898;3,29;-;-;12678;46,38;4698;17,19;-;-
05570001;      Warendorf, Kreisverwaltung;273346;22813;83,46;-;-;22813;83,46;22813;83,46;-;-;22813;83,46;-;-;-;-;-;-;-;-;-;-;-;-
05570004;      Ahlen, Stadt;51952;107724;2073,55;-;-;107724;2073,55;79091;1522,41;25606;492,88;53486;1029,53;28633;551,14;-;-;-;-;-;-;-;-;-;-
05570008;      Beckum, Stadt;36065;88021;2440,62;24;0,67;87997;2439,95;5227;144,93;5227;144,93;-;-;82794;2295,69;24;0,67;-;-;-;-;-;-;-;-
05570012;      Beelen;6274;3658;583,04;528;84,16;3130;498,88;1716;273,51;-;-;1716;273,51;1942;309,53;528;84,16;-;-;-;-;-;-;-;-
05570016;      Drensteinfurt, Stadt;15271;4087;267,63;-;-;4087;267,63;-;-;-;-;-;-;4087;267,63;-;-;-;-;-;-;-;-;-;-
05570020;      Ennigerloh, Stadt;19576;14834;757,76;-;-;14834;757,76;14323;731,66;10000;510,83;4323;220,83;511;26,1;-;-;-;-;-;-;-;-;-;-
05570024;      Everswinkel;9420;5996;636,52;1566;166,24;4430;470,28;1770;187,9;-;-;1770;187,9;-;-;-;-;-;-;4226;448,62;1566;166,24;-;-
05570028;      Oelde, Stadt;29080;40333;1386,97;-;-;40333;1386,97;39779;1367,92;-;-;39779;1367,92;554;19,05;-;-;-;-;-;-;-;-;-;-
05570032;      Ostbevern;10574;10030;948,55;1566;148,1;8464;800,45;5804;548,89;1000;94,57;4804;454,32;-;-;-;-;-;-;4226;399,66;1566;148,1;-;-
05570036;      Sassenberg, Stadt;13930;6543;469,7;-;-;6543;469,7;3997;286,93;-;-;3997;286,93;2546;182,77;-;-;-;-;-;-;-;-;-;-
05570040;      Sendenhorst, Stadt;12894;20454;1586,32;341;26,45;20113;1559,87;10828;839,77;3203;248,41;7625;591,36;9626;746,55;341;26,45;-;-;-;-;-;-;-;-
05570044;      Telgte, Stadt;19123;21255;1111,49;1566;81,89;19689;1029,6;17029;890,5;815;42,62;16214;847,88;-;-;-;-;-;-;4226;220,99;1566;81,89;-;-
05570048;      Wadersloh;12243;4776;390,1;-;-;4776;390,1;4776;390,1;863;70,49;3913;319,61;-;-;-;-;-;-;-;-;-;-;-;-
05570052;      Warendorf, Stadt;36944;32315;874,71;5;0,14;32310;874,57;12430;336,46;1000;27,07;11430;309,39;19885;538,25;5;0,14;-;-;-;-;-;-;-;-
056;  Westfalen-Lippe, Landschaftsverband;8154495;878335;107,71;69327;8,5;809008;99,21;623783;76,49;363700;44,6;260083;31,89;254552;31,22;69327;8,5;-;-;-;-;-;-;-;-
057;  Detmold, Regierungsbezirk;2026057;4889890;2413,5;253139;124,94;4636751;2288,56;2851999;1407,66;1118992;552,3;1733008;855,36;1575987;777,86;106448;52,54;-;-;461904;227,98;146691;72,4;-;-
05711;    Bielefeld, krfr. Stadt;328965;1095238;3329,34;5500;16,72;1089738;3312,62;587655;1786,37;527407;1603,23;60248;183,14;507583;1542,97;5500;16,72;-;-;-;-;-;-;-;-
05754;    Gütersloh, Kreis;353647;303408;857,94;17561;49,66;285847;808,28;190466;538,58;-;-;190466;538,58;112942;319,36;17561;49,66;-;-;-;-;-;-;-;-
05754001;      Gütersloh, Kreisverwaltung;353647;44753;126,55;-;-;44753;126,55;44753;126,55;-;-;44753;126,55;-;-;-;-;-;-;-;-;-;-;-;-
05754004;      Borgholzhausen, Stadt;8656;9928;1146,95;25;2,89;9903;1144,06;3393;391,98;-;-;3393;391,98;6535;754,97;25;2,89;-;-;-;-;-;-;-;-
05754008;      Gütersloh, Stadt;95765;88994;929,3;-;-;88994;929,3;88994;929,3;-;-;88994;929,3;-;-;-;-;-;-;-;-;-;-;-;-
05754012;      Halle (Westf.), Stadt;21162;3799;179,52;-;-;3799;179,52;3799;179,52;-;-;3799;179,52;-;-;-;-;-;-;-;-;-;-;-;-
05754016;      Harsewinkel, Stadt;24083;9625;399,66;-;-;9625;399,66;2987;124,03;-;-;2987;124,03;6638;275,63;-;-;-;-;-;-;-;-;-;-
05754020;      Herzebrock-Clarholz;15973;15454;967,5;5464;342,08;9990;625,42;6223;389,59;-;-;6223;389,59;9231;577,91;5464;342,08;-;-;-;-;-;-;-;-
05754024;      Langenberg;8168;8339;1020,93;2857;349,78;5482;671,15;1553;190,13;-;-;1553;190,13;6786;830,8;2857;349,78;-;-;-;-;-;-;-;-
05754028;      Rheda-Wiedenbrück, Stadt;46969;28341;603,4;-;-;28341;603,4;4136;88,06;-;-;4136;88,06;24205;515,34;-;-;-;-;-;-;-;-;-;-
05754032;      Rietberg, Stadt;28930;22844;789,63;-;-;22844;789,63;9276;320,64;-;-;9276;320,64;13568;468,99;-;-;-;-;-;-;-;-;-;-
05754036;      Schloß Holte-Stukenbrock, Stadt;26398;129;4,89;-;-;129;4,89;129;4,89;-;-;129;4,89;-;-;-;-;-;-;-;-;-;-;-;-
05754040;      Steinhagen;20344;24266;1192,78;-;-;24266;1192,78;12462;612,56;-;-;12462;612,56;11804;580,22;-;-;-;-;-;-;-;-;-;-
05754044;      Verl, Stadt;25039;10986;438,76;8764;350,01;2222;88,75;-;-;-;-;-;-;10986;438,76;8764;350,01;-;-;-;-;-;-;-;-
05754048;      Versmold, Stadt;20819;26435;1269,75;451;21,66;25984;1248,09;12446;597,82;-;-;12446;597,82;13989;671,93;451;21,66;-;-;-;-;-;-;-;-
05754052;      Werther (Westf.), Stadt;11341;9515;839;-;-;9515;839;315;27,78;-;-;315;27,78;9200;811,22;-;-;-;-;-;-;-;-;-;-
05758;    Herford, Kreis;249071;980892;3938,2;119816;481,05;861076;3457,15;590020;2368,88;176776;709,74;413244;1659,14;256353;1029,24;32756;131,51;-;-;134519;540,08;87060;349,54;-;-
05758001;      Herford, Kreisverwaltung;249071;106303;426,8;-;-;106303;426,8;44982;180,6;-;-;44982;180,6;15940;64;-;-;-;-;45381;182,2;-;-;-;-
05758004;      Bünde, Stadt;45027;202132;4489,13;87060;1933,51;115072;2555,62;112994;2509,47;2070;45,97;110924;2463,5;-;-;-;-;-;-;89138;1979,66;87060;1933,51;-;-
05758008;      Enger, Stadt;20270;59097;2915,49;-;-;59097;2915,49;46021;2270,4;28703;1416,03;17318;854,37;13076;645,09;-;-;-;-;-;-;-;-;-;-
05758012;      Herford, Stadt;65507;299501;4572,05;29656;452,71;269845;4119,34;193335;2951,37;66000;1007,53;127335;1943,84;106166;1620,68;29656;452,71;-;-;-;-;-;-;-;-
05758016;      Hiddenhausen;19637;53380;2718,33;-;-;53380;2718,33;26807;1365,12;18450;939,55;8357;425,57;26573;1353,21;-;-;-;-;-;-;-;-;-;-
05758020;      Kirchlengern;15909;40368;2537,44;-;-;40368;2537,44;40368;2537,44;6501;408,64;33867;2128,8;-;-;-;-;-;-;-;-;-;-;-;-
05758024;      Löhne, Stadt;39539;107121;2709,26;3100;78,4;104021;2630,86;62603;1583,33;24000;607;38603;976,33;44518;1125,93;3100;78,4;-;-;-;-;-;-;-;-
05758028;      Rödinghausen;9693;19244;1985,35;-;-;19244;1985,35;11910;1228,72;3230;333,23;8680;895,49;7334;756,63;-;-;-;-;-;-;-;-;-;-
05758032;      Spenge, Stadt;14575;56186;3854,96;-;-;56186;3854,96;34700;2380,79;23100;1584,91;11600;795,88;21486;1474,17;-;-;-;-;-;-;-;-;-;-
05758036;      Vlotho, Stadt;18914;37560;1985,84;-;-;37560;1985,84;16300;861,8;4722;249,66;11578;612,14;21260;1124,04;-;-;-;-;-;-;-;-;-;-
05762;    Höxter, Kreis;142401;198683;1395,24;987;6,93;197696;1388,31;78389;550,48;19068;133,9;59321;416,58;98295;690,27;931;6,54;-;-;21999;154,49;56;0,39;-;-
05762001;      Höxter, Kreisverwaltung;142401;5764;40,48;-;-;5764;40,48;5764;40,48;-;-;5764;40,48;-;-;-;-;-;-;-;-;-;-;-;-
05762004;      Bad Driburg, Stadt;18456;30439;1649,27;-;-;30439;1649,27;13049;707,03;4500;243,82;8549;463,21;17390;942,24;-;-;-;-;-;-;-;-;-;-
05762008;      Beverungen, Stadt;13340;36561;2740,71;-;-;36561;2740,71;13417;1005,78;11068;829,69;2349;176,09;23144;1734,93;-;-;-;-;-;-;-;-;-;-
05762012;      Borgentreich, Stadt;8965;14117;1574,67;412;45,96;13705;1528,71;1071;119,46;-;-;1071;119,46;13046;1455,21;412;45,96;-;-;-;-;-;-;-;-
05762016;      Brakel, Stadt;16499;8544;517,85;-;-;8544;517,85;1671;101,28;1000;60,61;671;40,67;6873;416,57;-;-;-;-;-;-;-;-;-;-
05762020;      Höxter, Stadt;29526;44725;1514,76;55;1,86;44670;1512,9;14519;491,73;2500;84,67;12019;407,06;30206;1023,03;55;1,86;-;-;-;-;-;-;-;-
05762024;      Marienmünster, Stadt;5160;2296;444,96;464;89,92;1832;355,04;1691;327,71;-;-;1691;327,71;605;117,25;464;89,92;-;-;-;-;-;-;-;-
05762028;      Nieheim, Stadt;6274;4992;795,66;-;-;4992;795,66;4492;715,97;-;-;4492;715,97;500;79,69;-;-;-;-;-;-;-;-;-;-
05762032;      Steinheim, Stadt;12723;12415;975,79;-;-;12415;975,79;12415;975,79;-;-;12415;975,79;-;-;-;-;-;-;-;-;-;-;-;-
05762036;      Warburg, Stadt;23230;31641;1362,08;56;2,41;31585;1359,67;9642;415,07;-;-;9642;415,07;-;-;-;-;-;-;21999;947,01;56;2,41;-;-
05762040;      Willebadessen, Stadt;8228;7189;873,72;-;-;7189;873,72;658;79,97;-;-;658;79,97;6531;793,75;-;-;-;-;-;-;-;-;-;-
05766;    Lippe, Kreis;344931;1056177;3061,99;12083;35,03;1044094;3026,96;796733;2309,83;268372;778,05;528360;1531,78;259444;752,16;12083;35,03;-;-;-;-;-;-;-;-
05766001;      Lippe, Kreisverwaltung;344931;214342;621,41;-;-;214342;621,41;176732;512,37;48135;139,55;128597;372,82;37610;109,04;-;-;-;-;-;-;-;-;-;-
05766004;      Augustdorf;9603;14180;1476,61;-;-;14180;1476,61;11794;1228,15;5850;609,18;5944;618,97;2386;248,46;-;-;-;-;-;-;-;-;-;-
05766008;      Bad Salzuflen, Stadt;52133;127844;2452,26;-;-;127844;2452,26;127844;2452,26;48000;920,72;79844;1531,54;-;-;-;-;-;-;-;-;-;-;-;-
05766012;      Barntrup, Stadt;8806;15059;1710,09;425;48,26;14634;1661,83;14192;1611,63;4000;454,24;10192;1157,39;867;98,46;425;48,26;-;-;-;-;-;-;-;-
05766016;      Blomberg, Stadt;15232;42499;2790,11;-;-;42499;2790,11;15407;1011,49;15000;984,77;407;26,72;27092;1778,62;-;-;-;-;-;-;-;-;-;-
05766020;      Detmold, Stadt;73394;180390;2457,83;-;-;180390;2457,83;180390;2457,83;30000;408,75;150390;2049,08;-;-;-;-;-;-;-;-;-;-;-;-
05766024;      Dörentrup;8006;15518;1938,3;-;-;15518;1938,3;15518;1938,3;1000;124,91;14518;1813,39;-;-;-;-;-;-;-;-;-;-;-;-
05766028;      Extertal;11429;26286;2299,94;-;-;26286;2299,94;19767;1729,55;12000;1049,96;7767;679,59;6519;570,39;-;-;-;-;-;-;-;-;-;-
05766032;      Horn-Bad Meinberg, Stadt;17098;38953;2278,22;4600;269,04;34353;2009,18;13642;797,87;7000;409,4;6642;388,47;25311;1480,35;4600;269,04;-;-;-;-;-;-;-;-
05766036;      Kalletal;13789;18956;1374,71;-;-;18956;1374,71;18169;1317,64;6500;471,39;11669;846,25;787;57,07;-;-;-;-;-;-;-;-;-;-
05766040;      Lage, Stadt;34641;129897;3749,78;1050;30,31;128847;3719,47;83593;2413,1;21036;607,26;62556;1805,84;46304;1336,68;1050;30,31;-;-;-;-;-;-;-;-
05766044;      Lemgo, Stadt;40683;99977;2457,46;1557;38,27;98420;2419,19;30625;752,77;25000;614,51;5625;138,26;69352;1704,69;1557;38,27;-;-;-;-;-;-;-;-
05766048;      Leopoldshöhe;16059;65810;4098,02;-;-;65810;4098,02;27483;1711,38;17551;1092,91;9932;618,47;38327;2386,64;-;-;-;-;-;-;-;-;-;-
05766052;      Lügde, Stadt;9746;14721;1510,46;-;-;14721;1510,46;14721;1510,46;500;51,3;14221;1459,16;-;-;-;-;-;-;-;-;-;-;-;-
05766056;      Oerlinghausen, Stadt;16611;15708;945,64;4451;267,95;11257;677,69;11257;677,69;6100;367,23;5157;310,46;4451;267,95;4451;267,95;-;-;-;-;-;-;-;-
05766060;      Schieder-Schwalenberg, Stadt;8703;19172;2202,92;-;-;19172;2202,92;19172;2202,92;14600;1677,58;4572;525,34;-;-;-;-;-;-;-;-;-;-;-;-
05766064;      Schlangen;8998;16865;1874,31;-;-;16865;1874,31;16427;1825,63;6100;677,93;10327;1147,7;438;48,68;-;-;-;-;-;-;-;-;-;-
05770;    Minden-Lübbecke, Kreis;309236;894976;2894,15;86039;278,23;808937;2615,92;410164;1326,38;114869;371,46;295297;954,92;179426;580,22;26464;85,58;-;-;305386;987,55;59575;192,65;-;-
05770001;      Minden-Lübbecke, Kreisverwaltung;309236;271934;879,37;2360;7,63;269574;871,74;50845;164,42;-;-;50845;164,42;-;-;-;-;-;-;221089;714,95;2360;7,63;-;-
05770004;      Bad Oeynhausen, Stadt;48242;137108;2842,09;56023;1161,29;81085;1680,8;65654;1360,93;-;-;65654;1360,93;-;-;-;-;-;-;71454;1481,16;56023;1161,29;-;-
05770008;      Espelkamp, Stadt;24633;21457;871,06;1192;48,39;20265;822,67;8614;349,69;-;-;8614;349,69;-;-;-;-;-;-;12843;521,37;1192;48,39;-;-
05770012;      Hille;15767;37632;2386,82;-;-;37632;2386,82;15119;958,96;5524;350,35;9596;608,61;22513;1427,86;-;-;-;-;-;-;-;-;-;-
05770016;      Hüllhorst;13009;27002;2075,64;-;-;27002;2075,64;16569;1273,66;2000;153,74;14569;1119,92;10433;801,98;-;-;-;-;-;-;-;-;-;-
05770020;      Lübbecke, Stadt;25377;19380;763,72;-;-;19380;763,72;19380;763,72;33;1,3;19348;762,42;-;-;-;-;-;-;-;-;-;-;-;-
05770024;      Minden, Stadt;80126;155522;1940,97;15119;188,69;140403;1752,28;107716;1344,33;22200;277,06;85516;1067,27;47806;596,64;15119;188,69;-;-;-;-;-;-;-;-
05770028;      Petershagen, Stadt;25372;34582;1363;7650;301,51;26932;1061,49;23219;915,14;14064;554,31;9155;360,83;11363;447,86;7650;301,51;-;-;-;-;-;-;-;-
05770032;      Porta Westfalica, Stadt;35397;131387;3711,82;-;-;131387;3711,82;83552;2360,43;68000;1921,07;15552;439,36;47835;1351,39;-;-;-;-;-;-;-;-;-;-
05770036;      Preußisch Oldendorf, Stadt;12501;26632;2130,39;-;-;26632;2130,39;11268;901,37;3048;243,82;8220;657,55;15364;1229,02;-;-;-;-;-;-;-;-;-;-
05770040;      Rahden, Stadt;15391;18429;1197,39;3219;209,15;15210;988,24;6551;425,64;-;-;6551;425,64;11878;771,75;3219;209,15;-;-;-;-;-;-;-;-
05770044;      Stemwede;13421;13911;1036,51;476;35,47;13435;1001,04;1677;124,95;-;-;1677;124,95;12234;911,56;476;35,47;-;-;-;-;-;-;-;-
05774;    Paderborn, Kreis;297806;360516;1210,57;11153;37,45;349363;1173,12;198572;666,78;12500;41,97;186072;624,81;161944;543,79;11153;37,45;-;-;-;-;-;-;-;-
05774001;      Paderborn, Kreisverwaltung;297806;13589;45,63;-;-;13589;45,63;13589;45,63;-;-;13589;45,63;-;-;-;-;-;-;-;-;-;-;-;-
05774004;      Altenbeken;9154;15918;1738,91;-;-;15918;1738,91;9261;1011,69;2000;218,48;7261;793,21;6657;727,22;-;-;-;-;-;-;-;-;-;-
05774008;      Bad Lippspringe, Stadt;15319;17605;1149,23;1019;66,52;16586;1082,71;15163;989,82;2000;130,56;13163;859,26;2442;159,41;1019;66,52;-;-;-;-;-;-;-;-
05774012;      Borchen;13222;2581;195,2;-;-;2581;195,2;2581;195,2;-;-;2581;195,2;-;-;-;-;-;-;-;-;-;-;-;-
05774016;      Büren, Stadt;21601;10178;471,19;-;-;10178;471,19;3744;173,33;-;-;3744;173,33;6434;297,86;-;-;-;-;-;-;-;-;-;-
05774020;      Delbrück, Stadt;31014;4192;135,17;-;-;4192;135,17;2233;72;-;-;2233;72;1959;63,17;-;-;-;-;-;-;-;-;-;-
05774024;      Hövelhof;15806;5575;352,72;84;5,31;5491;347,41;4511;285,4;-;-;4511;285,4;1064;67,32;84;5,31;-;-;-;-;-;-;-;-
05774028;      Lichtenau, Stadt;10627;20291;1909,38;-;-;20291;1909,38;14129;1329,54;7000;658,7;7129;670,84;6162;579,84;-;-;-;-;-;-;-;-;-;-
05774032;      Paderborn, Stadt;144290;247483;1715,18;10050;69,65;237433;1645,53;123310;854,6;-;-;123310;854,6;124173;860,58;10050;69,65;-;-;-;-;-;-;-;-
05774036;      Salzkotten, Stadt;24649;11579;469,76;-;-;11579;469,76;2012;81,63;-;-;2012;81,63;9567;388,13;-;-;-;-;-;-;-;-;-;-
05774040;      Bad Wünnenberg, Stadt;12124;11525;950,59;-;-;11525;950,59;8039;663,06;1500;123,72;6539;539,34;3486;287,53;-;-;-;-;-;-;-;-;-;-
058;  Regionalverband Ruhr;5047120;93975;18,62;-;-;93975;18,62;93975;18,62;2380;0,47;91595;18,15;-;-;-;-;-;-;-;-;-;-;-;-
059;  Arnsberg, Regierungsbezirk;3552315;13613346;3832,26;678150;190,9;12935196;3641,36;10825417;3047,43;6307763;1775,68;4517653;1271,75;2207072;621,31;536967;151,16;-;-;580857;163,52;141183;39,74;-;-
05911;    Bochum, krfr. Stadt;361390;1707225;4724,05;6000;16,6;1701225;4707,45;1701225;4707,45;824259;2280,8;876967;2426,65;6000;16,6;6000;16,6;-;-;-;-;-;-;-;-
05913;    Dortmund, krfr. Stadt;578236;2983060;5158,9;447146;773,29;2535914;4385,61;2239889;3873,66;1369170;2367,84;870719;1505,82;743171;1285,24;447146;773,29;-;-;-;-;-;-;-;-
05914;    Hagen, krfr. Stadt;185823;1412572;7601,71;-;-;1412572;7601,71;1229122;6614,48;1124000;6048,77;105122;565,71;2457;13,22;-;-;-;-;180993;974,01;-;-;-;-
05915;    Hamm, krfr. Stadt;176299;402897;2285,3;-;-;402897;2285,3;395933;2245,8;153740;872,04;242193;1373,76;6964;39,5;-;-;-;-;-;-;-;-;-;-
05916;    Herne, krfr. Stadt;154507;714143;4622,07;3158;20,44;710985;4601,63;710335;4597,43;476888;3086,51;233447;1510,92;2797;18,1;2797;18,1;-;-;1011;6,54;361;2,34;-;-
05954;    Ennepe-Ruhr-Kreis;322992;1259786;3900,35;60031;185,85;1199755;3714,5;970118;3003,53;649520;2010,95;320597;992,58;169356;524,33;16503;51,09;-;-;120312;372,49;43528;134,76;-;-
05954001;      Ennepe-Ruhr-Kreis, Kreisverwaltung;322992;44335;137,26;-;-;44335;137,26;44335;137,26;10000;30,96;34335;106,3;-;-;-;-;-;-;-;-;-;-;-;-
05954004;      Breckerfeld, Stadt;8896;-;-;-;-;-;-;-;-;-;-;-;-;-;-;-;-;-;-;-;-;-;-;-;-
05954008;      Ennepetal, Stadt;29868;112474;3765,71;25163;842,47;87311;2923,24;47760;1599,04;30000;1004,42;17760;594,62;24277;812,81;-;-;-;-;40437;1353,86;25163;842,47;-;-
05954012;      Gevelsberg, Stadt;31027;113932;3672,02;-;-;113932;3672,02;69523;2240,72;27500;886,32;42023;1354,4;44409;1431,3;-;-;-;-;-;-;-;-;-;-
05954016;      Hattingen, Stadt;54323;203661;3749,08;-;-;203661;3749,08;203661;3749,08;133565;2458,72;70096;1290,36;-;-;-;-;-;-;-;-;-;-;-;-
05954020;      Herdecke, Stadt;22648;56525;2495,81;-;-;56525;2495,81;38435;1697,06;18983;838,18;19452;858,88;18090;798,75;-;-;-;-;-;-;-;-;-;-
05954024;      Schwelm, Stadt;27876;129626;4650,1;18365;658,81;111261;3991,29;79919;2866,95;62547;2243,76;17372;623,19;-;-;-;-;-;-;49707;1783,15;18365;658,81;-;-
05954028;      Sprockhövel, Stadt;25053;68335;2727,62;-;-;68335;2727,62;52109;2079,95;23000;918,05;29109;1161,9;16226;647,67;-;-;-;-;-;-;-;-;-;-
05954032;      Wetter (Ruhr), Stadt;27504;76456;2779,81;-;-;76456;2779,81;56608;2058,17;33500;1218;23108;840,17;-;-;-;-;-;-;19848;721,64;-;-;-;-
05954036;      Witten, Stadt;95797;454442;4743,8;16503;172,27;437939;4571,53;377768;3943,42;310425;3240,45;67342;702,97;66354;692,65;16503;172,27;-;-;10320;107,73;-;-;-;-
05958;    Hochsauerlandkreis;261402;822975;3148,31;24974;95,54;798001;3052,77;502760;1923,32;202984;776,52;299776;1146,8;250703;959,07;-;-;-;-;69512;265,92;24974;95,54;-;-
05958001;      Hochsauerlandkreis, Kreisverwaltung;261402;109002;416,99;-;-;109002;416,99;31008;118,62;-;-;31008;118,62;77994;298,37;-;-;-;-;-;-;-;-;-;-
05958004;      Arnsberg, Stadt;73370;274838;3745,92;-;-;274838;3745,92;213335;2907,66;130334;1776,39;83001;1131,27;61503;838,26;-;-;-;-;-;-;-;-;-;-
05958008;      Bestwig;11148;22985;2061,81;-;-;22985;2061,81;12496;1120,92;3000;269,11;9496;851,81;10489;940,89;-;-;-;-;-;-;-;-;-;-
05958012;      Brilon, Stadt;25452;56326;2213,03;-;-;56326;2213,03;29843;1172,52;11000;432,19;18843;740,33;604;23,73;-;-;-;-;25879;1016,78;-;-;-;-
05958016;      Eslohe (Sauerland);8866;2163;243,97;-;-;2163;243,97;1415;159,6;-;-;1415;159,6;748;84,37;-;-;-;-;-;-;-;-;-;-
05958020;      Hallenberg, Stadt;4424;10357;2341,09;-;-;10357;2341,09;3014;681,28;-;-;3014;681,28;7343;1659,81;-;-;-;-;-;-;-;-;-;-
05958024;      Marsberg, Stadt;19780;46144;2332,86;-;-;46144;2332,86;13508;682,91;2400;121,33;11108;561,58;32636;1649,95;-;-;-;-;-;-;-;-;-;-
05958028;      Medebach, Stadt;7876;41849;5313,48;17032;2162,52;24817;3150,96;21852;2774,5;-;-;21852;2774,5;-;-;-;-;-;-;19997;2538,98;17032;2162,52;-;-
05958032;      Meschede, Stadt;29983;35055;1169,17;-;-;35055;1169,17;35055;1169,17;12000;400,23;23055;768,94;-;-;-;-;-;-;-;-;-;-;-;-
05958036;      Olsberg, Stadt;14799;47648;3219,67;-;-;47648;3219,67;36629;2475,09;7000;473;29629;2002,09;11019;744,58;-;-;-;-;-;-;-;-;-;-
05958040;      Schmallenberg, Stadt;24944;9828;394;-;-;9828;394;-;-;-;-;-;-;9828;394;-;-;-;-;-;-;-;-;-;-
05958044;      Sundern (Sauerland), Stadt;28016;100994;3604,88;-;-;100994;3604,88;62455;2229,27;30950;1104,73;31505;1124,54;38539;1375,61;-;-;-;-;-;-;-;-;-;-
05958048;      Winterberg, Stadt;12744;65786;5162,12;7942;623,2;57844;4538,92;42150;3307,44;6300;494,35;35850;2813,09;-;-;-;-;-;-;23636;1854,68;7942;623,2;-;-
05962;    Märkischer Kreis;415408;1219360;2935,33;8501;20,46;1210859;2914,87;933618;2247,47;440815;1061,16;492803;1186,31;260781;627,77;8501;20,46;-;-;24961;60,09;-;-;-;-
05962001;      Märkischer Kreis, Kreisverwaltung;415408;117384;282,58;-;-;117384;282,58;117384;282,58;58090;139,84;59294;142,74;-;-;-;-;-;-;-;-;-;-;-;-
05962004;      Altena, Stadt;17416;98540;5658,02;-;-;98540;5658,02;73423;4215,84;46290;2657,9;27133;1557,94;25117;1442,18;-;-;-;-;-;-;-;-;-;-
05962008;      Balve, Stadt;11510;24253;2107,21;31;2,69;24222;2104,52;11568;1005,12;6152;534,49;5417;470,63;12685;1102,09;31;2,69;-;-;-;-;-;-;-;-
05962012;      Halver, Stadt;16191;42206;2606,69;-;-;42206;2606,69;42206;2606,69;17673;1091,53;24532;1515,16;-;-;-;-;-;-;-;-;-;-;-;-
05962016;      Hemer, Stadt;34496;111273;3225,68;-;-;111273;3225,68;62516;1812,27;30000;869,67;32516;942,6;47391;1373,81;-;-;-;-;1366;39,6;-;-;-;-
05962020;      Herscheid;7222;14475;2004,29;-;-;14475;2004,29;12534;1735,53;9660;1337,58;2874;397,95;1941;268,76;-;-;-;-;-;-;-;-;-;-
05962024;      Iserlohn, Stadt;92916;296726;3193,48;3595;38,69;293131;3154,79;200495;2157,8;67857;730,3;132638;1427,5;94182;1013,63;3595;38,69;-;-;2049;22,05;-;-;-;-
05962028;      Kierspe, Stadt;16128;40332;2500,74;-;-;40332;2500,74;40332;2500,74;14314;887,52;26018;1613,22;-;-;-;-;-;-;-;-;-;-;-;-
05962032;      Lüdenscheid, Stadt;73000;137739;1886,84;-;-;137739;1886,84;125698;1721,89;45000;616,44;80698;1105,45;-;-;-;-;-;-;12041;164,95;-;-;-;-
05962036;      Meinerzhagen, Stadt;20647;54269;2628,43;827;40,05;53442;2588,38;53258;2579,46;19002;920,33;34256;1659,13;1011;48,97;827;40,05;-;-;-;-;-;-;-;-
05962040;      Menden (Sauerland), Stadt;53220;126393;2374,92;1400;26,31;124993;2348,61;77516;1456,52;55696;1046,52;21820;410;48877;918,4;1400;26,31;-;-;-;-;-;-;-;-
05962044;      Nachrodt-Wiblingwerde;6496;15164;2334,36;443;68,2;14721;2266,16;7976;1227,83;4000;615,76;3976;612,07;7188;1106,53;443;68,2;-;-;-;-;-;-;-;-
05962048;      Neuenrade, Stadt;11988;18930;1579,08;-;-;18930;1579,08;9425;786,2;8500;709,04;925;77,16;-;-;-;-;-;-;9505;792,88;-;-;-;-
05962052;      Plettenberg, Stadt;25676;22143;862,4;-;-;22143;862,4;22143;862,4;7509;292,45;14634;569,95;-;-;-;-;-;-;-;-;-;-;-;-
05962056;      Schalksmühle;10507;9123;868,28;-;-;9123;868,28;9123;868,28;72;6,85;9051;861,43;-;-;-;-;-;-;-;-;-;-;-;-
05962060;      Werdohl, Stadt;17995;90410;5024,17;2205;122,53;88205;4901,64;68021;3779,99;51000;2834,12;17021;945,87;22389;1244,18;2205;122,53;-;-;-;-;-;-;-;-
05966;    Olpe, Kreis;134881;123406;914,91;1712;12,69;121694;902,22;93532;693,43;13842;102,62;79689;590,81;29874;221,48;1712;12,69;-;-;-;-;-;-;-;-
05966001;      Olpe, Kreisverwaltung;134881;12368;91,7;-;-;12368;91,7;5295;39,26;-;-;5295;39,26;7073;52,44;-;-;-;-;-;-;-;-;-;-
05966004;      Attendorn, Stadt;24347;7259;298,15;-;-;7259;298,15;7259;298,15;-;-;7259;298,15;-;-;-;-;-;-;-;-;-;-;-;-
05966008;      Drolshagen, Stadt;11828;27203;2299,88;-;-;27203;2299,88;27203;2299,88;8000;676,36;19203;1623,52;-;-;-;-;-;-;-;-;-;-;-;-
05966012;      Finnentrop;16929;13172;778,07;1712;101,13;11460;676,94;6934;409,59;910;53,75;6024;355,84;6238;368,48;1712;101,13;-;-;-;-;-;-;-;-
05966016;      Kirchhundem;11722;11786;1005,46;-;-;11786;1005,46;5502;469,37;-;-;5502;469,37;6284;536,09;-;-;-;-;-;-;-;-;-;-
05966020;      Lennestadt, Stadt;25823;37534;1453,47;-;-;37534;1453,47;28832;1116,48;4932;190,99;23899;925,49;8702;336,99;-;-;-;-;-;-;-;-;-;-
05966024;      Olpe, Stadt;24686;12750;516,48;-;-;12750;516,48;11173;452,6;-;-;11173;452,6;1577;63,88;-;-;-;-;-;-;-;-;-;-
05966028;      Wenden;19546;1334;68,25;-;-;1334;68,25;1334;68,25;-;-;1334;68,25;-;-;-;-;-;-;-;-;-;-;-;-
05970;    Siegen-Wittgenstein, Kreis;274249;844423;3079,03;511;1,86;843912;3077,17;583274;2126,8;315107;1148,98;268167;977,82;261149;952,23;511;1,86;-;-;-;-;-;-;-;-
05970001;      Siegen-Wittgenstein, Kreisverwaltung;274249;16196;59,06;-;-;16196;59,06;16196;59,06;-;-;16196;59,06;-;-;-;-;-;-;-;-;-;-;-;-
05970004;      Bad Berleburg, Stadt;19149;65941;3443,57;-;-;65941;3443,57;33434;1745,99;25000;1305,55;8434;440,44;32507;1697,58;-;-;-;-;-;-;-;-;-;-
05970008;      Burbach;14268;29276;2051,87;-;-;29276;2051,87;5850;410,01;2494;174,8;3356;235,21;23426;1641,86;-;-;-;-;-;-;-;-;-;-
05970012;      Erndtebrück;7192;22447;3121,11;-;-;22447;3121,11;20599;2864,16;5500;764,74;15099;2099,42;1848;256,95;-;-;-;-;-;-;-;-;-;-
05970016;      Freudenberg, Stadt;17826;48961;2746,6;-;-;48961;2746,6;4630;259,73;950;53,29;3680;206,44;44331;2486,87;-;-;-;-;-;-;-;-;-;-
05970020;      Hilchenbach, Stadt;14970;21064;1407,08;204;13,63;20860;1393,45;9250;617,9;5000;334;4250;283,9;11814;789,18;204;13,63;-;-;-;-;-;-;-;-
05970024;      Kreuztal, Stadt;30859;58508;1895,98;-;-;58508;1895,98;52875;1713,44;-;-;52875;1713,44;5633;182,54;-;-;-;-;-;-;-;-;-;-
05970028;      Bad Laasphe, Stadt;13883;49807;3587,62;-;-;49807;3587,62;46299;3334,94;22700;1635,09;23599;1699,85;3508;252,68;-;-;-;-;-;-;-;-;-;-
05970032;      Netphen, Stadt;23069;37941;1644,67;307;13,31;37634;1631,36;30772;1333,91;3000;130,04;27772;1203,87;7169;310,76;307;13,31;-;-;-;-;-;-;-;-
05970036;      Neunkirchen;13619;28448;2088,85;-;-;28448;2088,85;21017;1543,22;12500;917,84;8517;625,38;7431;545,63;-;-;-;-;-;-;-;-;-;-
05970040;      Siegen, Stadt;99254;403513;4065,46;-;-;403513;4065,46;312200;3145,47;220044;2216,98;92156;928,49;91313;919,99;-;-;-;-;-;-;-;-;-;-
05970044;      Wilnsdorf;20160;62321;3091,32;-;-;62321;3091,32;30152;1495,64;17919;888,84;12233;606,8;32169;1595,68;-;-;-;-;-;-;-;-;-;-
05974;    Soest, Kreis;295551;626561;2119,98;40543;137,18;586018;1982,8;461842;1562,65;200100;677,04;261742;885,61;104145;352,38;7327;24,79;-;-;60574;204,95;33216;112,39;-;-
05974001;      Soest, Kreisverwaltung;295551;33587;113,64;-;-;33587;113,64;33587;113,64;4001;13,54;29586;100,1;-;-;-;-;-;-;-;-;-;-;-;-
05974004;      Anröchte;10339;21594;2088,6;-;-;21594;2088,6;21594;2088,6;5545;536,32;16049;1552,28;-;-;-;-;-;-;-;-;-;-;-;-
05974008;      Bad Sassendorf;11577;7564;653,36;-;-;7564;653,36;7564;653,36;-;-;7564;653,36;-;-;-;-;-;-;-;-;-;-;-;-
05974012;      Ense;12261;8695;709,16;-;-;8695;709,16;8695;709,16;3000;244,68;5695;464,48;-;-;-;-;-;-;-;-;-;-;-;-
05974016;      Erwitte, Stadt;15771;17622;1117,37;3833;243,04;13789;874,33;2409;152,75;-;-;2409;152,75;15213;964,62;3833;243,04;-;-;-;-;-;-;-;-
05974020;      Geseke, Stadt;20568;32558;1582,94;3494;169,88;29064;1413,06;20988;1020,42;4881;237,31;16107;783,11;11570;562,52;3494;169,88;-;-;-;-;-;-;-;-
05974024;      Lippetal;11788;1354;114,86;-;-;1354;114,86;1354;114,86;-;-;1354;114,86;-;-;-;-;-;-;-;-;-;-;-;-
05974028;      Lippstadt, Stadt;66410;69589;1047,87;13577;204,44;56012;843,43;45223;680,97;-;-;45223;680,97;-;-;-;-;-;-;24366;366,9;13577;204,44;-;-
05974032;      Möhnesee;10886;7582;696,49;-;-;7582;696,49;7582;696,49;-;-;7582;696,49;-;-;-;-;-;-;-;-;-;-;-;-
05974036;      Rüthen, Stadt;10350;10348;999,81;-;-;10348;999,81;6255;604,35;3000;289,86;3255;314,49;4093;395,46;-;-;-;-;-;-;-;-;-;-
05974040;      Soest, Stadt;46943;192888;4108,98;19639;418,36;173249;3690,62;134259;2860,04;72473;1543,85;61786;1316,19;22421;477,62;-;-;-;-;36208;771,32;19639;418,36;-;-
05974044;      Warstein, Stadt;25144;51350;2042,24;-;-;51350;2042,24;39110;1555,44;25500;1014,16;13610;541,28;12240;486,8;-;-;-;-;-;-;-;-;-;-
05974048;      Welver;12048;13885;1152,47;-;-;13885;1152,47;13885;1152,47;1500;124,5;12385;1027,97;-;-;-;-;-;-;-;-;-;-;-;-
05974052;      Werl, Stadt;29895;134958;4514,4;-;-;134958;4514,4;96350;3222,95;71200;2381,67;25150;841,28;38608;1291,45;-;-;-;-;-;-;-;-;-;-
05974056;      Wickede (Ruhr);11571;22987;1986,61;-;-;22987;1986,61;22987;1986,61;9000;777,81;13987;1208,8;-;-;-;-;-;-;-;-;-;-;-;-
05978;    Unna, Kreis;391577;1496938;3822,85;85574;218,53;1411364;3604,32;1003769;2563,4;537338;1372,24;466431;1191,16;369675;944,07;46470;118,67;-;-;123494;315,38;39104;99,86;-;-
05978001;      Unna, Kreisverwaltung;391577;49738;127,02;-;-;49738;127,02;49738;127,02;-;-;49738;127,02;-;-;-;-;-;-;-;-;-;-;-;-
05978004;      Bergkamen, Stadt;48083;181928;3783,62;-;-;181928;3783,62;108048;2247,11;67200;1397,58;40848;849,53;73880;1536,51;-;-;-;-;-;-;-;-;-;-
05978008;      Bönen;17924;70480;3932,16;-;-;70480;3932,16;70480;3932,16;14500;808,97;55980;3123,19;-;-;-;-;-;-;-;-;-;-;-;-
05978012;      Fröndenberg / Ruhr, Stadt;20694;32137;1552,97;-;-;32137;1552,97;9116;440,52;6000;289,94;3116;150,58;23021;1112,45;-;-;-;-;-;-;-;-;-;-
05978016;      Holzwickede;16809;36047;2144,5;370;22,01;35677;2122,49;33986;2021,89;7000;416,44;26986;1605,45;2061;122,61;370;22,01;-;-;-;-;-;-;-;-
05978020;      Kamen, Stadt;43145;151486;3511,1;-;-;151486;3511,1;117694;2727,88;66000;1529,73;51694;1198,15;33792;783,22;-;-;-;-;-;-;-;-;-;-
05978024;      Lünen, Stadt;84695;418991;4947,06;39104;461,7;379887;4485,36;243583;2876;175000;2066,24;68583;809,76;95617;1128,96;-;-;-;-;79791;942,1;39104;461,7;-;-
05978028;      Schwerte, Stadt;46163;162814;3526,93;-;-;162814;3526,93;113311;2454,58;76000;1646,34;37311;808,24;5800;125,64;-;-;-;-;43703;946,71;-;-;-;-
05978032;      Selm, Stadt;25583;85508;3342,38;-;-;85508;3342,38;85508;3342,38;42973;1679,75;42535;1662,63;-;-;-;-;-;-;-;-;-;-;-;-
05978036;      Unna, Stadt;58812;165728;2817,93;100;1,7;165628;2816,23;114402;1945,22;60665;1031,51;53737;913,71;51326;872,71;100;1,7;-;-;-;-;-;-;-;-
05978040;      Werne, Stadt;29669;142081;4788,87;46000;1550,44;96081;3238,43;57903;1951,63;22000;741,51;35903;1210,12;84178;2837,24;46000;1550,44;-;-;-;-;-;-;-;-
__________;;;;;;;;;;;;;;;;;;;;;;;;;;
1) Eigenbetriebe und eigenbetriebsähnliche;;;;;;;;;;;;;;;;;;;;;;;;;;
Einrichtungen einschl. der Krankenhäuser ohne eigene;;;;;;;;;;;;;;;;;;;;;;;;;;
Rechtspersönlichkeit - 2) Anstalten öffenlichen Rechts (AöR);;;;;;;;;;;;;;;;;;;;;;;;;;
;;;;;;;;;;;;;;;;;;;;;;;;;;
Weitere Hinweise entnehmen Sie bitte der Datei 'Hinweise zur;;;;;;;;;;;;;;;;;;;;;;;;;;
Schuldenstandstatistik'. Diese Datei kann auf dem;;;;;;;;;;;;;;;;;;;;;;;;;;
Internetserver unter der Adresse;;;;;;;;;;;;;;;;;;;;;;;;;;
https://www.landesdatenbank.nrw.de/ldbnrw/misc/Hinweise_Schu;;;;;;;;;;;;;;;;;;;;;;;;;;
ldenstandstatistik.pdf eingesehen werden.;;;;;;;;;;;;;;;;;;;;;;;;;;
(C)opyright Dieses Angebot des Landesbetriebs Information und Technik;;;;;;;;;;;;;;;;;;;;;;;;;;
Nordrhein-Westfalen (IT.NRW) ist lizensiert unter der Datenlizenz;;;;;;;;;;;;;;;;;;;;;;;;;;
Deutschland - Namensnennung - Version 2.0. Düsseldorf, 2016.;;;;;;;;;;;;;;;;;;;;;;;;;;
Stand: 11.06.2016 - 12:20:05;;;;;;;;;;;;;;;;;;;;;;;;;;
